English	Asturian
10	10
100	100
1000	1000
101	101
105	105
11	11
110	110
115	115
12	12
120	120
125	125
13	13
130	130
135	135
14	14
140	140
144	144
145	145
15	15
150	150
1530s	Años 1530
155	155
16	16
160	160
165	165
17	17
170	170
1728	1728
175	175
1750s	Años 1750
1760s	Años 1760
1770s	Años 1770
1780s	Años 1780
1790s	Años 1790
18	18
180	180
1820s	Años 1820
1830s	Años 1830
1840s	Años 1840
1850s	Años 1850
1860s	Años 1860
1870s	Años 1870
1880s	Años 1880
1890s	Años 1890
19	19
190	190
1900s	Años 1900
1920s	Años 1920
1930s	Años 1930
1940s	Años 1940
1950s	Años 1950
1960s	Años 1960
1970s	Años 1970
1980s	Años 1980
1990s	Años 1990
2	2
2 (number)	Dos
20	20
200	200
21	21
22	22
23	23
24	24
25	25
26	26
27	27
28	28
29	29
3	3
30	30
300	300
31	31
32	32
33	33
34	34
35	35
36	36
37	37
38	38
39	39
4	4
40	40
400	400
41	41
42	42
43	43
44	44
45	45
46	46
47	47
48	48
49	49
5	5
50	50
500	500
51	51
52	52
53	53
54	54
55	55
56	56
57	57
58	58
59	59
6	6
60	60
61	61
62	62
63	63
64	64
65	65
66	66
67	67
68	68
69	69
7	7
70	70
71	71
72	72
73	73
74	74
75	75
76	76
77	77
78	78
79	79
8	8
80	80
81	81
82	82
83	83
84	84
85	85
86	86
87	87
88	88
89	89
9	9
90	90
91	91
92	92
93	93
94	94
95	95
96	96
97	97
98	98
99	99
A	A
AIDS	SIDA
Abdomen	Abdome
Abortion	Albuertu
Abraham Lincoln	Abraham Lincoln
Academy Award	Premios Oscar
Acceleration	Aceleración
Acorn	Llande
Acre	Acre (unidá de superficie)
Acre	San Xuan d'Acre
Acre (state)	Acre (Brasil)
Actinide	Actínidu
Actor	Actor
Adam Smith	Adam Smith
Adolf Hitler	Adolf Hitler
Aegean Sea	Mar Exéu
Aerodynamics	Aerodinámica
Afghanistan	Afganistán
Afghanistan	Categoría:Afganistán
Africa	África
Africa	Categoría:África
Afrikaans	Afrikaans
Agriculture	Agricultura
Agriculture	Categoría:Agricultura
Al Gore	Al Gore
Alabama	Alabama
Alan Turing	Alan Turing
Alaska	Alaska
Albania	Albania
Albania	Categoría:Albania
Albedo	Albedu
Albert Camus	Albert Camus
Albert Einstein	Albert Einstein
Albuquerque	Albuquerque, Nuevu Méxicu
Alcohol	Alcohol
Aldebaran	Aldebarán
Alexander Graham Bell	Alexander Graham Bell
Alexander the Great	Alexandru Magno
Alfred Hitchcock	Alfred Hitchcock
Algebra	Álxebra
Algebra	Categoría:Álxebra
Algeria	Arxelia
Algeria	Categoría:Arxelia
Algorithm	Algoritmu
Alkali metal	Alcalín
Allergy	Alerxa
Alpha (letter)	Alfa
Alphabet	Alfabetu
Alps	Alpes
Altair	Altair
Aluminium	Aluminiu
Alzheimer's disease	Alzheimer
Amazon River	Ríu Amazones
Amber	Ámbar
Amelia Earhart	Amelia Earhart
American Civil War	Guerra de Secesión
American Standard Code for Information Interchange	ASCII
Amerigo Vespucci	Amerigo Vespucci
Ampere	Amperiu
Amsterdam	Amsterdam
Anarchism	Anarquismu
Anchorage	Anchorage
Andalusia	Andalucía
Anders Celsius	Anders Celsius
Andes	Andes
Andorra	Andorra
Andorra	Categoría:Andorra
Anemometer	Anemómetru
Anesthesia	Anestesioloxía y reanimación
Angle	Ángulu
Angola	Angola
Angola	Categoría:Angola
Animal	Animal
Animal husbandry	Ganadería
Anime	Anime
Annapolis	Annapolis, Maryland
Anode	Ánodu
Ant	Formiga
Antarctica	Antártida
Anthropology	Antropoloxía
Anthropology	Categoría:Antropoloxía
Antigua and Barbuda	Antigua y Barbuda
Antipope	Antipapa
Antoine Lavoisier	Antoine Lavoisier
Anton Chekhov	Anton Chekhov
Aorta	Aorta
Apple	Malus domestica
April	Abril
April 14	14 d'abril
Aquarium	Acuariu (recipiente)
Arab League	Lliga d'Estaos Árabes
Arabian Peninsula	Arabia
Arabic alphabet	Alfabetu árabe
Arabic language	Idioma Árabe
Aragon	Aragón
Archaeology	Arqueoloxía
Archaeology	Categoría:Arqueoloxía
Architecture	Arquiteutura
Architecture	Categoría:Arquiteutura
Arctic Ocean	Océanu Glacial Árticu
Are	Área (unidá de superficie)
Argentina	Arxentina
Argentina	Categoría:Arxentina
Argon	Argón
Aries (constellation)	Aries
Aristotle	Aristóteles
Arithmetic	Aritmética
Arizona	Arizona
Arkansas	Arkansas
Armenia	Armenia
Armenia	Categoría:Armenia
Armenian language	Armeniu
Arquebus	Arcabuz
Art	Arte
Art Deco	Art Decó
Artemis	Artemisa
Artillery	Artillería
Arts	Categoría:Artes
Asclepius	Asclepiu
Asia	Asia
Asia	Categoría:Asia
Aspirin	Aspirina
Asteroid	Asteroide
Asteroid belt	Cinturón d'asteroides
Astrolabe	Astrolabiu
Astrology	Astroloxía
Astrology	Categoría:Astroloxía
Astronomer	Astrónomu
Astronomical unit	Unidá astronómica
Astronomy	Astronomía
Astronomy	Categoría:Astronomía
Athena	Atenea
Athens	Atenes
Atlanta	Atlanta
Atlantic Ocean	Océanu Atlánticu
Atlantis	Atlántida
Atom	Átomu
Atomic mass	Masa atómica
Atomic mass unit	Unidá de masa atómica
Atomic number	Númberu atómicu
August	Agostu
August 1	1 d'agostu
August 15	15 d'agostu
August 6	6 d'agostu
Augusta	Augusta, Maine
Auguste Comte	Auguste Comte
Augustine of Hippo	Agustín d'Hipona
Augustus	César Augustu
Australia	Australia
Australia	Categoría:Australia
Australian dollar	Dólar australianu
Austria	Austria
Austria	Categoría:Austria
Automobile	Automóvil
Autumn	Seronda
Auvergne (region)	Auvernia
Avalanche	Ádene
Avena	Avena
Aviation	Categoría:Aviación
Axe	Hachu
Azerbaijan	Azerbaiyán
Azimuth	Acimut
Aztec	Mexica
B	B
Babylonia	Babilonia
Badminton	Bádminton
Bahrain	Bahrein
Balearic Islands	Islles Baleares
Balkans	Balcanes
Baltic Sea	Mar Bálticu
Baltimore	Baltimore
Banana	Plátanu
Bangladesh	Bangladesh
Banknote	Billete
Barbados	Barbados
Barcelona	Barcelona
Barley	Cebada
Barn Owl	Curuxa
Bat	Esperteyu
Battle of Lepanto (1571)	Batalla de Lepanto
Battle of Thermopylae	Batalla de les Termópiles
Bavaria	Estáu Llibre de Baviera
Beach	Sablera
Bear	Osu
Bee	Abeya
Beer	Cerveza
Beijing	Pequín
Belarus	Bielorrusia
Belarus	Categoría:Bielorrusia
Belgium	Bélxica
Belgium	Categoría:Bélxica
Belgrade	Belgradu
Belize	Belice
Belize	Categoría:Belice
Belo Horizonte	Belo Horizonte
Benin	Benin
Benin	Categoría:Benín
Benito Mussolini	Benito Mussolini
Berlin	Berlín
Bermuda	Islles Bermudes
Berne	Berna
Beryllium	Beriliu
Beta (letter)	Beta
Beta decay	Emisión beta
Beverly Hills	Beverly Hills
Bhutan	Bután
Bhutan	Categoría:Bhutan
Bible	Biblia
Bible	Categoría:Biblia
Bicycle	Bicicleta
Big Bang	Teoría del Big Bang
Bill Gates	Bill Gates
Billy Wilder	Billy Wilder
Biochemistry	Bioquímica
Biography	Biografía
Biology	Bioloxía
Biology	Categoría:Bioloxía
Biophysics	Biofísica
Bird	Páxaru
Bismarck	Bismarck, Dakota del Norte
Bit	Bit
Black Forest	Selva Prieta
Black Sea	Mar Negru
Black hole	Furacu prietu
Blackbird	Ñerbatu
Blog	Blogue
Blue	Azul
Bob Dylan	Bob Dylan
Bob Marley	Bob Marley
Boiling point	Puntu d'ebullición
Bolivia	Bolivia
Bolivia	Categoría:Bolivia
Bolshevik	Bolxevique
Book of Joshua	Xosué
Book of Judges	Xueces
Book of Mormon	Llibru del Mormón
Book of Numbers	Númberos
Book of Revelation	Apocalipsis
Boolean algebra (structure)	Álxebra de Boole
Bordeaux	Bordeos
Boron	Boru
Bosnia and Herzegovina	Bosnia-Herzegovina
Bosnia and Herzegovina	Categoría:Bosnia-Herzegovina
Bosporus	Bósforo
Bot	Plantía:Bot
Botany	Botánica
Botswana	Botsuana
Botswana	Categoría:Botswana
Bowling	Bolos
Boxing	Boxéu
Boyle's law	Llei de Boyle-Mariotte
Bratislava	Bratislava
Brazil	Brasil
Brazil	Categoría:Brasil
Bread	Pan
Bretagne	Bretaña
Bridges	Categoría:Pontes
British Isles	Islles britániques
British people	Categoría:Británicos
Bronze	Bronce
Bronze Age	Edá de Bronce
Brown	Marrón
Brown Bear	Osu Pardu
Bruce Lee	Bruce Lee
Brunei	Brunei
Brussels	Bruseles
Bucharest	Bucarest
Budapest	Budapest
Buddhism	Budismu
Bulgaria	Bulgaria
Bulgaria	Categoría:Bulgaria
Burkina Faso	Burkina Faso
Burkina Faso	Categoría:Burkina Faso
Burma	Myanmar
Burma	Categoría:Myanmar
Butter	Mantega
Butterfly	Pumarina
Byte	Byte
C	C
C (programming language)	Llinguaxe de programación C
Cabaret	Cabaré
Calcium	Calciu
Calendar	Repertoriu
California	California
California	Categoría:California
Cambodia	Camboya
Cambodia	Categoría:Camboya
Cameroon	Camerún
Cameroon	Categoría:Camerún
Canada	Canadá
Canada	Categoría:Canadá
Canadian dollar	Dólar canadiense
Canary Islands	Canaries
Canary Islands	Categoría:Canaries
Cancer (constellation)	Cáncer (constelación)
Canidae	Canidae
Cape Horn	Cabu d'Hornos
Cape Town	Ciudá del Cabu
Cape Verde	Cabu Verde
Cape Verde	Categoría:Cabu Verde
Cape of Good Hope	Cabu de Bona Esperanza
Capital punishment	Pena de muerte
Capitalism	Capitalismu
Caracas	Caracas
Carbon	Carbonu
Card game	Xuegu de cartes
Cardiology	Cardioloxía
Caribbean Sea	Mar Caribe
Carnival	Antroxu
Carson City	Carson City, Nevada
Cartography	Cartografía
Castle	Castiellu
Castries	Castries
Cat	Gatu
Catalonia	Cataluña
Catalonia	Categoría:Cataluña
Catharism	Catarismu
Cathode	Cátodu
Cayman Islands	Islles Caimán
Cecil Rhodes	Cecil Rhodes
Celestial equator	Ecuador celeste
Celestial sphere	Esfera celeste
Cenozoic	Cenozoicu
Central African Republic	República Centroafricana
Central America	América Central
Central nervous system	Sistema nerviosu central
Century	Sieglu
Ceres (dwarf planet)	1 Ceres
Chad	Chad
Chad	Categoría:Chad
Champagne (wine)	Xampán
Charlemagne	Carlomagno
Charles Darwin	Charles Darwin
Charles de Gaulle	Charles de Gaulle
Charleston	Charleston, Virxinia Occidental
Charlie Chaplin	Charles Chaplin
Che Guevara	Ernesto Guevara de la Serna
Cheese	Quesu
Chemical element	Elementu químicu
Chemistry	Química
Chemistry	Categoría:Química
Chess	Axedrez
Child	Neñu
Chile	Chile
Chile	Categoría:Chile
China	Categoría:China
Chlorine	Cloru
Chocolate	Chicolate
Chordate	Chordata
Christianity	Cristianismu
Christianity	Categoría:Cristianismu
Christopher Columbus	Cristóbal Colón
Chromium	Cromu (elementu)
Church	Ilesia
Cider	Sidra
Circle	Círculu
Circulatory system	Sistema cardiovascular
Clothing	Categoría:Indumentaria
Clothing	Ropa
Coast	Costa
Codeine	Codeína
Coffee	Café
Coin	Moneda
Colombia	Colombia
Colombia	Categoría:Colombia
Color	Color
Colorado	Colorado
Columbia	Columbia, Carolina del Sur
Columbidae	Palomba
Coma	Coma (médicu)
Comet	Cometa
Comma (punctuation)	Coma (puntuación)
Commonwealth of Nations	Mancomunidá Británica de Naciones
Communication	Categoría:Comunicaciones
Communism	Comunismu
Communism	Categoría:Comunismu
Comoros	Comores
Comoros	Categoría:Comores
Compiler	Compilador
Computer	Computadora
Computer file	Ficheru informáticu
Computer hardware	Soporte físicu
Computer programming	Programación
Computer science	Informática
Computer software	Programa d'ordenador
Concord	Concord, New Hampshire
Confederate States of America	Estaos Confederaos d'América
Confucius	Confucio
Connecticut	Connecticut
Consonant	Consonante
Constellation	Constelación
Constitution (political)	Constitución
Continent	Continente
Contract	Contratu
Coordinate system	Coordenada
Coordinated Universal Time	Tiempu Coordináu Universal
Copyright	Derechos d'autor
Cornwall	Cornualles
Costa Rica	Costa Rica
Coulomb	Culombiu
Cretaceous	Cretácicu
Crete	Creta
Croatia	Croacia
Croatia	Categoría:Croacia
Cronus	Cronos
Crucifixion	Crucifixón
Cuba	Cuba
Cuba	Categoría:Cuba
Cubic metre	Metru cúbicu
Culture	Cultura
Culture	Categoría:Cultura
Curitiba	Curitiba
Currency	Categoría:Monedes
Cybele	Cibeles
Cylinder (geometry)	Cilindru
Cyprus	Chipre
Cyprus	Categoría:Chipre
Cyrillic alphabet	Alfabetu cirílicu
Czech Republic	República Checa
Czech Republic	Categoría:República Checa
D	D
DNA	Ácidu desoxirribonucleicu
DVD	DVD
Dagger	Daga
Dam	Presa d'agua
Dance	Danza
Dance	Categoría:Danza
Dante Alighieri	Dante Alighieri
Danube	Ríu Danubiu
Dark matter	Materia escuro
Darwin	Darwin
Data structure	Estructura de datos
Day	Día
Dead Sea	Mar Muertu
December	Avientu
December 31	31 d'avientu
December 8	8 d'avientu
Declination	Declinación (astronomía)
Degree (angle)	Grau sexaxesimal
Delaware	Delaware
Delta (letter)	Delta
Democracy	Democracia
Democratic Party (United States)	Partíu Demócrata de los Estaos Xuníos
Democratic Republic of the Congo	República Democrática del Congo
Demography	Demografía
Demography	Categoría:Demografía
Denmark	Dinamarca
Denmark	Categoría:Dinamarca
Density	Densidá (física)
Desert	Ermu
Deuterium	Deuteriu
Deuteronomy	Deuteronomiu
Dew	Rosada
Diabetes mellitus	Diabetes
Diacritic	Diacríticu
Dialectic	Dialéutica
Dialectical materialism	Materialismu dialéuticu
Diameter	Diámetru
Diana	Diana Spencer
Diarrhea	Foria
Dictatorship	Dictadura
Dictionary	Diccionariu
Dinosaur	Dinosauriu
Disambiguation	Categoría:Uiquipedia:Dixebra
Disease	Enfermedá
Dmitri Mendeleev	Dimitri Ivánovich Mendeléyev
Dog	Perru
Doha	Doha
Dolmen	Dolmen
Dolphin	Toliña
Dominica	Dominica
Dominica	Categoría:Dominica
Dominican Republic	República Dominicana
Door	Puerta
Dresden	Dresde
Druid	Druidismu
Drum	Tambor
Dubai	Dubai
Dublin	Ciudá de Dublín
Duck	Coríu
Duke University	Universidá de Duke
E	E
E-mail	Corréu electrónicu
ETA	Euskadi Ta Askatasuna
Earth	Tierra
East Germany	República Democrática Alemana
East Timor	Timor Oriental
East Timor	Categoría:Timor Oriental
Eastern Orthodox Church	Ilesia ortodoxa
Eccentricity (mathematics)	Escentricidá
Echidna (mythology)	Equidna (mitoloxía)
Ecliptic	Eclíptica
Ecology	Ecoloxía
Ecology	Categoría:Ecoloxía
Economics	Economía
Economics	Categoría:Economía
Economy	Economía
Ecuador	Ecuador
Ecuador	Categoría:Ecuador
Edgar Allan Poe	Edgar Allan Poe
Edgar Rice Burroughs	Edgar Rice Burroughs
Edinburgh	Edimburgo
Edmund Hillary	Edmund Hillary
Education	Educación
Education	Categoría:Educación
Edward Jenner	Edward Jenner
Egg (biology)	Güevu (bioloxía)
Egypt	Exipto
Eiffel Tower	Torre Eiffel
El Cid	Rodrigo Díaz de Vivar
El Paso	El Paso, Texas
El Salvador	El Salvador
Elbe	Ríu Elba
Electricity	Lletricidá
Electromagnetic spectrum	Espectru electromagnéticu
Electron	Electrón
Electronegativity	Electronegatividá
Elephant	Elefante
Ellipse	Elipse
Elm	Llamera
Energy	Enerxía (física)
Engineering	Inxeniería
Engineering	Categoría:Inxeniería
England	Inglaterra
English Channel	Canal de la Mancha
English language	Inglés
English language	Categoría:Inglés
Enrico Fermi	Enrico Fermi
Enthalpy	Entalpía
Eocene	Eocenu
Eos	Eos
Epicurus	Epicuru
Epigraphy	Epigrafía
Epsilon	Epsilon
Equator	Llinia ecuatorial
Equatorial Guinea	Guinea Ecuatorial
Eratosthenes	Eratóstenes
Eris (dwarf planet)	136199 Eris
Eris (mythology)	Eris
Esperanto	Esperanto
Estonia	Categoría:Estonia
Ethiopia	Etiopía
Ethiopia	Categoría:Etiopía
Etymology	Etimoloxía
Euclid	Euclides
Eukaryote	Eukaryota
Euphemism	Eufemismu
Euphrates	Éufrates
Eurasia	Eurasia
Euro	Euru
Europa (moon)	Europa (lluna)
Europe	Europa
Europe	Categoría:Europa
European Union	Xunión Europea
European Union	Categoría:Xunión Europea
Even-toed ungulate	Artiodactyla
Executive (government)	Poder executivu
Exodus	Éxodu
Expo (exhibition)	Esposición Universal
Eye	Güeyu
F	F
Fairy	fada
Falkland Islands	Islles Malvines
Farad	Faradiu
Fascism	Fascismu
February	Febreru
February 12	12 de febreru
February 14	14 de febreru
February 2	2 de febreru
February 22	22 de febreru
February 29	29 de febreru
Federated States of Micronesia	Estaos Federaos de Micronesia
Feminism	Feminismu
Fencing	Esgrima
Ferdinand Magellan	Fernão de Magalhães
Ferdinand de Saussure	Ferdinand de Saussure
Fermentation (biochemistry)	Formentación
Fidel Castro	Fidel Castro
Fiji	Fiyi
Film	Categoría:Cine
Fingerprint	Buelga dactilar
Finland	Finlandia
Finland	Categoría:Finlandia
First Epistle to the Corinthians	1Corintios
First language	Llingua materna
Fish	Pexe
Fish	Categoría:Pexes
Florida	Florida
Flour	Fariña
Fluorite	Fluorita
Fog	Borrina
Food	Alimentu
Foot	Pie (anatomía)
Foot (unit of length)	Pie (unidá)
Force	Fuercia
Forest	Viesca
Fox	Raposu
France	Francia
France	Categoría:Francia
Francis Drake	Francis Drake
Francisco Franco	Francisco Franco
Frankfort	Frankfort, Kentucky
Frankfurt	Frankfurt
Franz Kafka	Franz Kafka
French Revolution	Revolución Francesa
French people	Categoría:Franceses
Frequency	Frecuencia
Friday	Vienres
Friedrich Engels	Friedrich Engels
Full moon	Lluna enllena
Fundamental	Categoría:Principal
Fundamentalism	Fundamentalismu relixosu
Fungus	Fungi
G	G
GNOME	GNOME
Gabon	Gabón
Gaia (mythology)	Gaia
Galaxy	Galaxa
Galicia (Central Europe)	Galicia (Europa central)
Galicia (Spain)	Galicia
Galileo Galilei	Galileo Galilei
Galley	Galera
Game	Xuegu
Gamma	Gamma
Gamma ray	Radiación gamma
Ganymede	Ganímedes (mitoloxía)
Garden	Xardín
Gas	Gas
Gastrointestinal tract	Aparatu dixestivu
Gautama Buddha	Buda Gautama
Gay	Gai
Gemini (constellation)	Xéminis
Gemstone	Xema (xeoloxía)
Genealogy	Xenealoxía
Genesis	Xénesis
Genetics	Xenética
Geodesy	Xeodesia
Geography	Xeografía
Geography	Categoría:Xeografía
Geology	Categoría:Xeoloxía
Geology	Xeoloxía
Geometry	Xeometría
Geometry	Categoría:Xeometría
Geopolitics	Xeopolítica
George Bernard Shaw	George Bernard Shaw
George Lucas	George Lucas
George Orwell	George Orwell
George W. Bush	George Walker Bush
George Washington	George Washington
Georgia (country)	Xorxa
Georgia (country)	Categoría:Xorxa
German language	Alemán
Germany	Alemaña
Germany	Categoría:Alemaña
Ghana	Ghana
Ghana	Categoría:Ghana
Ghent	Gante
Gibraltar	Xibraltar
Giordano Bruno	Giordano Bruno
Giorgio de Chirico	Giorgio de Chirico
Giraffe	Xirafa
Glacier	Glaciar
Glasnost	Glasnost
Globalization	Globalización
God	Dios
Gold	Oru
Golda Meir	Golda Meir
Googol	Googol
Graffiti	Grafiti
Gram	Gramu
Grammar	Gramática
Granada	Granada
Graphical user interface	Interfaz gráfica d'usuariu
Gravitation	Gravedá
Gray Wolf	Llobu
Great Barrier Reef	Gran barrera de coral
Great Britain	Gran Bretaña
Great Lakes	Grandes Llagos
Great Rift Valley	Gran valle del rift
Greece	Grecia
Greece	Categoría:Grecia
Greek alphabet	Alfabetu griegu
Greek alphabet	Categoría:Alfabetu griegu
Greek mythology	Mitoloxía griega
Greek mythology	Categoría:Mitoloxía griega
Greenland	Groenlandia
Greenland	Categoría:Groenlandia
Greenpeace	Greenpeace
Group (periodic table)	Grupu de la tabla periódica
Guadeloupe	Guadalupe (Francia)
Guatemala	Categoría:Guatemala
Guernsey	Guernsey
Guglielmo Marconi	Guglielmo Marconi
Guinea	Guinea
Guinea-Bissau	Guinea-Bissáu
Gustav Klimt	Gustav Klimt
H	H
H. G. Wells	Herbert George Wells
Hacker	Hacker
Hades	Hades
Haiti	Haití
Halberd	Alabarda
Half-life	Periodu de semidesintegración
Halogen	Halóxenu
Hamas	Hamas
Hammurabi	Hammurabi
Hanover	Hannover
Harrisburg	Harrisburg, Pennsylvania
Harry Houdini	Harry Houdini
Hartford	Hartford, Connecticut
Havana	L'Habana
Hawaii	Hawaii
Head of state	Xefe d'Estáu
Hebrew alphabet	Alfabetu hebréu
Hecate	Hécate
Hectare	Hectárea
Helena	Helena, Montana
Helios	Heliu (mitoloxía)
Helium	Heliu (elementu)
Henri Bergson	Henri Bergson
Henry (unit)	Henriu
Henry Ford	Henry Ford
Herat	Herat (ciudá)
Hero of Alexandria	Herón d'Alexandría
Herodotus	Herodotu
Hertz	Herciu
Hesse	Hesse
Hesse	Categoría:Hesse
Hestia	Hestia
Hexagon	Hexágonu
Himalayas	Himalaya
Hippie	Hippie
Hippocrates	Hipócrates
Hiroshima	Hiroshima
Histology	Histoloxía
History	Hestoria
History	Categoría:Historia
Hokusai	Katsushika Hokusai
Hollywood	Hollywood
Holocene	Holocenu
Homer	Homero
Hominidae	Homínidu
Homo erectus	Homo erectus
Homo habilis	Homo habilis
Homosexuality	Homosexualidá
Honduras	Hondures
Honey	Miel
Hong Kong	Hong Kong
Horizon	Horizonte
Horse	Caballu
Hour	Hora
House Sparrow	Gurrión
Houston	Houston
Human	Homo sapiens sapiens
Humanities	Categoría:Ciencies humanes
Humphrey Bogart	Humphrey Bogart
Hungary	Hungría
Hungary	Categoría:Hungría
Hydrogen	Hidróxenu
Hyperion (moon)	Hiperión (satélite)
Hyperion (mythology)	Hiperión (mitoloxía)
Hypothesis	Hipótesis
I	I
Iapetus (mythology)	Xapetu (titán)
Iberian Peninsula	Península Ibérica
Ice	Xelu
Iceland	Islandia
Iceland	Categoría:Islandia
Ido	Ido
Igloo	Iglú
Iliad	Ilíada
Immanuel Kant	Immanuel Kant
Imperialism	Imperialismu
Independence	Independencia
India	India
India	Categoría:India
Indian Ocean	Océanu Índicu
Indira Gandhi	Indira Gandhi
Indonesia	Indonesia
Indonesia	Categoría:Indonesia
Inertia	Inercia
Insect	Inseutu
Insulin	Insulina
International Labour Organization	Organización Internacional del Trabayu
International Monetary Fund	Fondu Monetariu Internacional
International System of Units	Sistema Internacional d'Unidaes
Internet	Internet
Internet	Categoría:Internet
Invertebrate	Invertebráu
Io (moon)	Ío (lluna)
Ion	Ion
Iran	Irán
Iran	Categoría:Irán
Iraq	Iraq
Iraq	Categoría:Iraq
Ireland	Islla d'Irlanda
Irish Republican Army	IRA
Irish Sea	Mar d'Irlanda
Irish people	Categoría:Irlandeses
Iron	Fierro
Iron Age	Edá del Fierro
Isaac Asimov	Isaac Asimov
Isaac Newton	Isaac Newton
Isadora Duncan	Isadora Duncan
Islam	Islam
Islam	Categoría:Islam
Islamabad	Islamabad
Island	Islla (xeografía)
Isle of Man	Islla de Man
Isle of Wight	Islla de Wight
Isotope	Isótopu
Israel	Israel
Israel	Categoría:Israel
Istanbul	Estambul
Isthmus	Istmu
Italy	Italia
Italy	Categoría:Italia
J	J
Jack Lemmon	Jack Lemmon
Jackson	Jackson, Mississippi
Jacques Cartier	Jacques Cartier
Jacques Derrida	Jacques Derrida
Jacques Offenbach	Jacques Offenbach
Jainism	Xainismu
Jalalabad	Jalalabad
Jamaica	Xamaica
Jamaica	Categoría:Xamaica
James Cook	James Cook
James Watt	James Watt
Janissary	Xenízaros
January	Xineru
January 1	1 de xineru
January 19	19 de xineru
January 20	20 de xineru
January 6	6 de xineru
Japan	Xapón
Japan	Categoría:Xapón
Jazz	Jazz
Jehovah	Xehová
Jehovah's Witnesses	Testigos de Xehová
Jersey	Jersey
Jerusalem	Xerusalén
Jesus	Xesús
Joan of Arc	Xuana d'Arcu
Johann Sebastian Bach	Johann Sebastian Bach
Johann Wolfgang von Goethe	Johann Wolfgang von Goethe
Johannes Gutenberg	Johannes Gutenberg
Johannes Kepler	Johannes Kepler
John Calvin	Xuan Calvín
John Dalton	John Dalton
John Maynard Keynes	John Maynard Keynes
John von Neumann	John von Neumann
Jordan	Xordania
Jordan	Categoría:Xordania
Joseph Goebbels	Joseph Goebbels
Joseph Stalin	Yósif Stalin
Joule	Xuliu (unidá)
Journalism	Categoría:Periodismu
Judaism	Categoría:Xudaismu
Judo	Yudu
Jules Verne	Jules Verne
Julius Caesar	Xuliu César
July	Xunetu
July 1	1 de xunetu
July 4	4 de xunetu
June	Xunu
June 14	14 de xunu
June 21	21 de xunu
June 23	23 de xunu
June 24	24 de xunu
June 29	29 de xunu
June 3	3 de xunu
Juneau	Juneau, Alaska
Jupiter	Xúpiter (planeta)
Jupiter (disambiguation)	Xúpiter
Jurassic	Xurásicu
K	K
Kabul	Kabul (ciudá)
Kandahar	Kandahar (ciudá)
Karachi	Karachi
Karate	Kárate
Karl Marx	Karl Marx
Karma	Karma
Katowice	Katowice
Kazakhstan	Kazakhistán
Kazakhstan	Categoría:Kazakhistán
Kelvin	Kelvin
Kenya	Keña
Kenya	Categoría:Keña
Kernel (computer science)	Kernel
Khan	Kan (títulu)
Khmer Rouge	Khmeres Roxos
Kilometre	Quilómetru
Kilometres per hour	Quilómetru por hora
Kiribati	Kiribati
Kiss	Pucu
Knesset	Kneset
Knife	Cuchiellu
Knot (speed)	Nuedu (unidá)
Korea	Corea
Kosovo	Kosovo
Kosovo	Categoría:Kosovo
Kublai Khan	Cublai Kan
Kuwait	Kuwait
Kuwait	Categoría:Kuwait
Kyoto	Kyoto
Kyrgyzstan	Kirguistán
L	L
Laboratory	Llaboratoriu
Lake	Llagu
Lambda	Lambda
Lammergeier	Frangüesu
Language	Idioma
Lanthanide	Lantánidu
Laos	Laos
Las Vegas	Las Vegas, Nevada
Latin	Llatín
Latin America	América Llatina
Latin alphabet	Alfabetu llatín
Latitude	Llatitú
Latvia	Letonia
Latvia	Categoría:Letonia
Laurasia	Laurasia
Law	Drechu
Law	Categoría:Derechu
League of Nations	Sociedá de Naciones
Leap year	Añu bisiestu
Lebanon	Líbano
Lemon	Citrus limon
Lena River	Ríu Lena
Leo (constellation)	Lleo
Leon Trotsky	León Trotsky
Leonardo da Vinci	Leonardo da Vinci
Lesotho	Lesotho
Letter (alphabet)	Lletra
Lever	Lleva
Leviticus	Llevíticu
Lexicology	Lexicoloxía
Liberia	Liberia
Libra (constellation)	Llibra (constelación)
Libya	Libia
Libya	Categoría:Libia
Liechtenstein	Liechtenstein
Liechtenstein	Categoría:Liechtenstein
Light	Lluz
Light-year	Añu lluz
Lighthouse	Faru
Lincoln	Lincoln
Line (mathematics)	Reuta
Linguistics	Llingüística
Linguistics	Categoría:Llingüística
Linux	Linux
Lisbon	Lisboa
Literature	Lliteratura
Literature	Categoría:Lliteratura
Lithium	Litiu
Lithuania	Lituania
Lithuania	Categoría:Lituania
Litre	Llitru
Logic	Categoría:Lóxica
London	Londres
Los Angeles	Los Ángeles
Lower Saxony	Baxa Saxonia
Luanda	Luanda
Ludwig van Beethoven	Ludwig van Beethoven
Luxembourg	Luxemburgu
Luxembourg	Categoría:Luxemburgu
M	M
Macedon	Macedonia Antigua
Macedonia	Macedonia (dixebra)
Macedonia (Greece)	Macedonia (Grecia)
Mach number	Númberu Mach
Machu Picchu	Machu Picchu
Macroeconomics	Macroeconomía
Madagascar	Madagascar
Madagascar	Categoría:Madagascar
Madeira	Madeira
Madrid	Madrid
Madrid (autonomous community)	Comunidá de Madrid
Magma	Magma
Magna Carta	Carta Magna
Magnesium	Magnesiu
Magnoliopsida	Categoría:Magnoliopsida
Magpie	Pega
Mahatma Gandhi	Mohandas Gandhi
Maine	Maine
Maize	Zea mais
Majorca	Mallorca
Malaysia	Malasia
Malcolm X	Malcolm X
Maldives	Maldives
Mali	Malí
Malta	Malta
Malta	Categoría:Malta
Maltese language	Maltés
Mammal	Mamíferu
Manchuria	Manchuria
Manhattan	Manhattan
Manuel de Falla	Manuel de Falla
Mao Zedong	Mao Zedong
Map	Mapa
March	Marzu
March 17	17 de marzu
March 19	19 de marzu
March 2	2 de marzu
March 25	25 de marzu
Marco Polo	Marco Polo
Marie Curie	Marie Curie
Marilyn Monroe	Marilyn Monroe
Mars (disambiguation)	Marte
Marshall Islands	Islles Marshall
Martin Luther	Martín Lutero
Martin Luther King	Martin Luther King
Martinique	Martinica
Marx Brothers	Hermanos Marx
Marxism	Marxismu
Marxism	Categoría:Marxismu
Mary Shelley	Mary Wollstonecraft Shelley
Mary Wollstonecraft	Mary Wollstonecraft (feminismu)
Mass	Masa
Mathematics	Matemátiques
Mathematics	Categoría:Matemátiques
Maurice Ravel	Maurice Ravel
Mauritania	Mauritania
Mauritius	Mauricio
Max Weber	Max Weber
May	Mayu
May 1	1 de mayu
May 24	24 de mayu
Mayor	Alcalde
Mead	Hidromiel
Medication	Melecina
Medicine	Medicina
Medicine	Categoría:Medicina
Mediterranean Sea	Mar Mediterraneu
Melting point	Puntu de fusión
Mercury (element)	Mercuriu (elementu)
Mercury (planet)	Mercuriu (planeta)
Meridian (geography)	Meridianu
Mesolithic	Mesolíticu
Mesopotamia	Mesopotamia
Mesozoic	Mesozoicu
Metabolism	Metabolismu
Metalloid	Metaloide
Meteorite	Meteoritu
Meteoroid	Meteoroide
Meteorology	Categoría:Meteoroloxía
Metre	Metru
Mexico	México
Mexico	Categoría:México
Michigan	Michigan
Mickey Mouse	Mickey Mouse
Microbiology	Microbioloxía
Microeconomics	Microeconomía
Micronesia	Micronesia
Middle Ages	Edá Media
Middle East	Oriente Mediu
Miguel de Cervantes	Miguel de Cervantes
Mikhail Bakunin	Bakunin
Mikhail Gorbachev	Mijaíl Gorbachov
Milk	Lleche
Milky Way	Camín de Santiago
Millennium	Mileniu
Million	Millón
Mining	Minería
Minos	Minos
Miocene	Miocenu
Mirror	Espeyu
Mnemosyne	Mnemósine
Moirae	Moiras
Moldova	Moldavia
Moldova	Categoría:Moldavia
Molecule	Molécula
Monaco	Mónaco
Monaco	Categoría:Mónaco
Monday	Llunes
Money	Dineru
Mongolia	Mongolia
Mongolia	Categoría:Mongolia
Mont Blanc	Mont Blanc
Montenegro	Montenegru
Montenegro	Categoría:Montenegru
Month	Mes
Montserrat	Montserrat
Moon	Lluna
Morocco	Marruecos
Morocco	Categoría:Marruecos
Morphine	Morfina
Moscow	Moscú
Mosque	Mezquita
Motion (physics)	Movimientu
Mount Etna	Etna
Mount Everest	Everest
Mount Kilimanjaro	Kilimanjaro
Mount Olympus	Monte Olimpu
Mountain	Monte
Mountain range	Cordal
Mozambique	Mozambique
Mozambique	Categoría:Mozambique
Muhammad	Mahoma
Muhammad Ali	Muhammad Ali
Mumbai	Mumbai
Munich	Munich
Municipality	Municipiu
Musa (genus)	Plátanu
Muscat	Mascate
Muse	Muses
Music	Música
Music	Categoría:Música
Musical instrument	Instrumentu musical
Musician	Músicu
Mustelidae	Mustélidos
Myanmar	Categoría:Myanmar
Mythology	Mitoloxía
Mythology	Categoría:Mitoloxía
N	N
NATO	Organización del Tratáu del Atlánticu Norte
NATO	Categoría:OTAN
Nadir	Nadir
Namibia	Namibia
Naples	Nápoles
Nashville	Nashville, Tennessee
Nation	Nación
National anthem	Himnu nacional
National park	Parque nacional
Nationalism	Nacionalismu
Nationalism	Categoría:Nacionalismu
Natural science	Ciencies naturales
Nature	Natura
Nauru	Nauru
Nautical mile	Milla náutica
Navy	Armada
Nazism	Categoría:Nazismu
Neanderthal	Homo sapiens neanderthalensis
Nebraska	Nebraska
Necktie	Corbata
Nefertiti	Nefertiti
Nelson Mandela	Nelson Mandela
Nemean Lion	Lleón de Nemea
Nemesis (mythology)	Némesis (mitoloxía)
Neolithic	Neolíticu
Neon	Neón
Nepal	Nepal
Nepal	Categoría:Nepal
Neptune	Neptunu (planeta)
Netherlands	Holanda
Netherlands	Categoría:Holanda
Neutrino	Neutrín
Neutron	Neutrón
Nevada	Nevada
New Orleans	Nueva Orleans
New Testament	Nuevu Testamentu
New York	Nueva York (estáu)
New Zealand	Nueva Zelanda
New Zealand	Categoría:Nueva Zelanda
Newark	Newark, Nueva Jersey
Newton	Newton (unidá)
Niagara Falls	Catarates del Niágara
Nicaragua	Nicaragua
Niger	Níxer
Nigeria	Nixeria
Nile	Ríu Nilu
Nitrogen	Nitróxenu
Noam Chomsky	Noam Chomsky
Nobel Prize	Premiu Nobel
Nobel Prize	Categoría:Premiu Nobel
Noble gas	Gas noble
Nonmetal	Non metal
North America	Norteamérica
North Carolina	Carolina del Norte
North Dakota	Dakota del Norte
North Korea	Corea del Norte
North Korea	Categoría:Corea del Norte
North Pole	Polu Norte
North Sea	Mar del Norte
Northern Hemisphere	Hemisferiu Norte
Northern Ireland	Irlanda del Norte
Northern Mariana Islands	Islles Marianes del Norte
Norway	Noruega
Norway	Categoría:Noruega
November	Payares
November 1	1 de payares
November 11	11 de payares
November 2	2 de payares
November 5	5 de payares
Number	Númberu
Numismatics	Numismática
Nut (fruit)	Frutu secu
Nymph	Ninfa
Nyx (mythology)	Nyx
O	O
OPEC	Organización de Países Esportadores de Petroleu
Oceania	Oceanía
Oceanus	Océanu (mitoloxía)
October	Ochobre
October 12	12 d'ochobre
October 24	24 d'ochobre
Ohm	Ohmiu
Oklahoma	Oklahoma
Oligocene	Oligocenu
Olympic Games	Xuegos Olímpicos
Omaha	Omaha
Oman	Omán
Oman	Categoría:Omán
Omega	Omega
Ontology	Ontoloxía
Operating system	Sistema operativu
Ophiuchus	Ophiuchus
Orange (colour)	Naranxa
Orangutan	Orangután
Orbit	Órbita
Organism	Ser vivu
Origami	Origami
Orson Welles	Orson Welles
Osama bin Laden	Osama bin Laden
Oscar Wilde	Oscar Wilde
Otto von Bismarck	Otto von Bismarck
Ottoman Empire	Imperiu Otomanu
Oviedo	Uviéu
Oxide	Óxidu
Oxygen	Oxíxenu
Ozone layer	Capa d'ozonu
P	P
Pacific Ocean	Océanu Pacíficu
Pakistan	Paquistán
Pakistan	Categoría:Paquistán
Palau	Palaos
Paleocene	Paleocenu
Paleolithic	Paleolíticu
Paleontology	Categoría:Paleontoloxía
Palermo	Palermo
Palestine	Palestina
Palestine	Categoría:Palestina
Panama	Panamá
Panama	Categoría:Panamá
Pangaea	Panxea
Papua New Guinea	Papúa Nueva Guinea
Paraguay	Paraguay
Parallax	Paralax
Parallelogram	Paralelogramu
Paramaribo	Paramaribo
Paris	París
Parliament	Parllamentu
Parsec	Pársec
Pascal (unit)	Pascal (unidá)
Passeriformes	Categoría:Passeriformes
Pathology	Patoloxía
Pedunculate Oak	Quercus robur
Peninsula	Península
Pentagon	Pentágonu
People	Categoría:Biografíes
People's Republic of China	China
Pepsi	Pepsi
Period (periodic table)	Periodu de la tabla periódica
Periodic table	Tabla periódica
Peru	Perú
Peru	Categoría:Perú
Petrarch	Petrarca
Philippines	Filipines
Philippines	Categoría:Filipines
Philosophy	Filosofía
Philosophy	Categoría:Filosofía
Phoneme	Fonema
Phonetics	Fonética
Phonetics	Categoría:Fonética
Phonology	Fonoloxía
Phosphorus	Fósforu
Photography	Fotografía
Photography	Categoría:Fotografía
Photosphere	Fotosfera
Physics	Física
Physics	Categoría:Física
Physiology	Fisioloxía
Pi	Pi
Pierre Curie	Pierre Curie
Piracy	Piratería
Plane (mathematics)	Planu (xeometría)
Planet	Planeta
Plant	Plantae
Plato	Platón
Playboy	Playboy
Pleistocene	Pleistocenu
Pleven	Pleven
Pliocene	Pliocenu
Plovdiv	Plovdiv
Pluto	Plutón (planeta nanu)
Pluto (disambiguation)	Plutón
Poaceae	Gramínea
Point (geometry)	Puntu (xeometría)
Poland	Polonia
Poland	Categoría:Polonia
Police	Policía
Political party	Partíu políticu
Political science	Ciencies Polítiques
Politics	Política
Politics	Categoría:Política
Polonium	Poloniu
Polygon	Polígonu
Polynesia	Polinesia
Pop music	Pop
Pope	Papa
Population	Población
Pornography	Pornografía
Porto	Portu
Portsmouth	Portsmouth
Portugal	Portugal
Portugal	Categoría:Portugal
Postal code	Códigu postal
Potassium	Potasiu
Potato	Solanum tuberosum
Pound sterling	Llibra esterlina
Power (physics)	Potencia
Prague	Praga
Prehistory	Prehistoria
President	Presidente
President of the United States	Llista presidentes d'Estaos Uníos
Pressure	Presión
Prime Meridian	Meridianu de Greenwich
Prism (geometry)	Prisma (xeometría)
Prism (optics)	Prisma (óptica)
Programming language	Llinguaxe de programación
Prolog	Prolog
Pronoun	Pronome
Propaganda	Propaganda
Proton	Protón
Providence	Providence, Rhode Island
Pseudoscience	Categoría:Pseudociencia
Psychoanalysis	Psicoanálisis
Psychology	Sicoloxía
Psychology	Categoría:Psicoloxía
Pterosaur	Pterosauria
Ptolemaic dynasty	Dinastía Tolemaica
Ptolemy	Claudio Ptolomeo
Public domain	Dominiu públicu
Puerto Rico	Puerto Rico
Puerto Rico	Categoría:Puerto Rico
Pyongyang	Pyongyang
Pythagoras	Pitágoras
Q	Q
Qatar	Qatar
Qatar	Categoría:Qatar
Quadrilateral	Cuadriláteru
Quark	Quark
Quaternary	Edá Cuaternaria
Quechua	Quechua
Queens	Queens
R	R
Racism	Racismu
Radius	Radiu (xeometría)
Rain	Lluvia
Rainbow	Arcu la vieya
Recife	Recife
Rectangle	Rectángulu
Red	Bermeyu
Red Sea	Mar Bermeya
Reggae	Reggae
Religion	Relixón
Religion	Categoría:Relixón
Renaissance	Renacimientu
Republic	República
Republic of China	Taiwán
Republic of Ireland	República d'Irlanda
Republic of Ireland	Categoría:Irlanda
Republic of the Congo	Congo
Republican Party (United States)	Partíu Republicanu de los Estaos Xuníos
Rhea (mythology)	Rea
Rhodes	Rodes
Rhombus	Rombu
Richard Nixon	Richard Nixon
Right ascension	Ascensión reuta
Rio de Janeiro (state)	Río de Janeiro (estáu)
River	Ríu
Roald Amundsen	Roald Amundsen
Robert De Niro	Robert De Niro
Robert Falcon Scott	Robert Falcon Scott
Rock music	Rock
Roman Catholic Church	Ilesia Católica
Roman Empire	Imperiu Romanu
Roman mythology	Categoría:Mitoloxía romana
Romania	Rumanía
Romania	Categoría:Rumanía
Romansh	Retorrománicu
Rome	Roma
Ruble	Rublu
Rudolf Hess	Rudolf Hess
Russia	Rusia
Russia	Categoría:Rusia
Rwanda	Ruanda
Rye	Secale cereale
S	S
Sacramento	Sacramento, California
Saddam Hussein	Sadam Husein
Sahara	Desiertu del Sáḥara
Saint Kitts and Nevis	San Cristuébanu y Nieves
Saint Lucia	Categoría:Santa Llucía
Saint Peter	Apóstol San Pedru
Saint Vincent and the Grenadines	San Vicente y les Granadines
Saladin	Saladín
Samoa	Samoa
San Antonio	San Antonio (Texas)
San Diego	San Diego, California
San Francisco	San Francisco
San Jose	San José, California
San Marino	San Marino
San Marino	Categoría:San Marino
Sand	Sable (material)
Sanskrit	Sánscritu
Santa Fe	Santa Fe, Nuevu Méxicu
Santos (Săo Paulo)	Santos
Sappho	Safo
Sarajevo	Sarayevo
Sardine	Parrocha
Saturn	Saturnu (planeta)
Saudi Arabia	Arabia Saudina
Saxony	Saxonia
Scandium	Escandiu
Science	Ciencia
Science	Categoría:Ciencies
Scorpius	Escorpión (constelación)
Scotland	Escocia
Scotland	Categoría:Escocia
Scottish Gaelic	Gaélicu escocés
Sculpture	Escultura
Sculpture	Categoría:Escultura
Sea Otter	Llundria marina
Sea level	Nivel de la mar
Sea of Azov	Mar d'Azov
Sea of Japan	Mar de Xapón
Season	Estación del añu
Second	Segundu
Second Vatican Council	Conciliu Vaticanu Segundu
Seed	Semiente
Segovia	Segovia
Selene	Selene
Semantics	Semántica
Semantics	Categoría:Semántica
Semiotics	Semiótica
Senate	Senáu
Senegal	Senegal
Seoul	Seúl
September	Setiembre
September 11	11 de setiembre
September 17	17 de setiembre
September 29	29 de setiembre
Serbia	Serbia
Serbia	Categoría:Serbia
Serbia and Montenegro	Serbia y Montenegru
Serbia and Montenegro	Categoría:Serbia y Montenegru
Seychelles	Seychelles
Sharia	Xaria
Shrimp	Esguila
Siberia	Siberia
Sicily	Sicilia
Siemens (unit)	Siemens (unidá)
Sierra Leone	Sierra Leona
Sigmund Freud	Sigmund Freud
Silicon	Siliciu
Silk Road	Ruta de la seda
Silver	Plata
Singapore	Singapur
Singapore	Categoría:Singapur
Sirius	Sirius
Sisyphus	Sísifu
Sitting Bull	Toro Sentáu
Skagerrak	Estrechu de Skagerrak
Skinhead	Skinhead
Skopje	Skopje
Skyscraper	Rascacielos
Slovakia	Eslovaquia
Slovakia	Categoría:Eslovaquia
Slovenia	Eslovenia
Slovenia	Categoría:Eslovenia
Snake	Culiebra
Snow	Ñeve
Socialism	Socialismu
Society	Categoría:Sociedá
Society	Sociedá
Sociolinguistics	Sociollingüística
Sociology	Socioloxía
Sociology	Categoría:Socioloxía
Socrates	Sócrates
Sodium	Sodiu
Sofia	Sofía
Software	Categoría:Software
Solanaceae	Categoría:Solanaceae
Solar System	Sistema solar
Solar energy	Enerxía solar
Solomon Islands	Islles Salomón
Somalia	Somalia
Sorghum	Sorghum
Source code	Códigu fonte
South Africa	Categoría:Sudáfrica
South America	América del Sur
South Carolina	Carolina del Sur
South Dakota	Dakota del Sur
South Korea	Corea del Sur
South Korea	Categoría:Corea del Sur
South Pole	Polu Sur
Southern Hemisphere	Hemisferiu Sur
Sovereignty	Soberanía
Soviet Union	Xunión Soviética
Soviet Union	Categoría:Xunión Soviética
Spain	España
Spain	Categoría:España
Spam (electronic)	Corréu puxarra
Spanish Civil War	Guerra Civil Española
Spanish people	Categoría:Españoles
Sparta	Esparta
Spear	Llanza
Species	Especie
Speleology	Espeleoloxía
Sport	Deporte
Spring (season)	Primavera
Springfield	Springfield, Illinois
Square (geometry)	Cuadráu
Square metre	Metru cuadráu
Squash (sport)	Escuax
Squirrel	Esguilu
Sri Lanka	Sri Lanka
Star	Estrella
State	País
Steradian	Estereorradián
Stone Age	Edá de Piedra
Submarine	Somarín
Sudan	Sudán
Sudoku	Sudoku
Suez Canal	Canal de Suez
Sulfur	Azufre
Sumer	Sumeria
Summer	Branu
Sun	Sol
Sunday	Domingu
Sunflower	Mirasol
Surgery	Ciruxía
Suriname	Surinam
Suriname	Categoría:Surinam
Svalbard	Svalbard
Swaziland	Suazilandia
Sweden	Suecia
Sweden	Categoría:Suecia
Switzerland	Suiza
Switzerland	Categoría:Suiza
Sword	Espada
Symptom	Síntoma
Syndicate	Sindicatu
Syphilis	Sífilis
Syria	Siria
Syria	Categoría:Siria
T	T
Taekwondo	Taekwondo
Tajikistan	Tayiquistán
Taliban	Talibán
Tang Dynasty	Dinastía Tang
Tanzania	República Xunida de Tanzania
Tanzania	Categoría:Tanzania
Tartarus	Tártaru (mitoloxía)
Taxus baccata	Texu
Tea	Té
Technology	Teunoloxía
Technology	Categoría:Teunoloxía
Telecommunication	Telecomunicación
Telephone	Teléfonu
Telescope	Telescopiu
Television	Televisión
Temperature	Temperatura
Tennessee	Tennessee
Tesla (unit)	Tesla (unidá)
Tethys (mythology)	Tetis (mitoloxía)
Texas	Texas
Thailand	Tailandia
Thales	Tales de Mileto
The Gambia	Gambia
Theatre	Teatru
Theocracy	Teocracia
Theta	Theta
Thomas Aquinas	Tomás d'Aquino
Thomas Edison	Thomas Alva Edison
Thomas Jefferson	Thomas Jefferson
Thrace	Tracia
Thucydides	Tucídides
Thursday	Xueves
Tiber	Tíber
Tibet	Categoría:Tíbet
Tiger	Panthera tigris
Tigris	Tigris
Time	Tiempu
Time	Categoría:Tiempu
Time zone	Fusu horariu
Timur	Tamerlán
Tin	Estañu
Titan (disambiguation)	Titán
Titan (mythology)	Titán (mitoloxía)
Tocantins (state)	Tocantins
Togo	Togo
Tokyo	Tokio
Toledo	Toledo
Tomato	Tomate
Tonga	Tonga
Tongue	Llingua (muérganu)
Tony Blair	Tony Blair
Topeka	Topeka, Kansas
Tower of Babel	Torre de Babel
Trade union	Sindicatu
Transmission Control Protocol	Transmission Control Protocol
Transylvania	Transilvania
Trapezoid	Trapeciu (figura)
Treaty	Tratáu internacional
Trenton	Trenton, Nueva Jersey
Triangle	Triángulu
Triassic	Triásicu
Triceratops	Triceratops
Trigonometric function	Función trigonométrica
Trinidad and Tobago	Trinidá y Tobago
Triskelion	Trisquel
Tritium	Tritiu
Trotskyism	Trotskismu
Tuberculosis	Tuberculosis
Tuesday	Martes
Tundra	Tundra
Tunisia	Túnez
Turbine	Turbina
Turkey	Turquía
Turkey	Categoría:Turquía
Tuvalu	Tuvalu
Tux	Tux
Typhon	Tifón (mitoloxía)
U	U
UNESCO	UNESCO
Uganda	Uganda
Ukraine	Ucrania
Ukraine	Categoría:Ucrania
Ulster	Ulster
Ultrasound	Ultrasoníu
Unidentified flying object	Oxetu esnalador non identificáu
United Arab Emirates	Emiratos Árabes Xuníos
United Kingdom	Reinu Xuníu
United Kingdom	Categoría:Reinu Xuníu
United Nations	Organización de les Naciones Uníes
United Nations	Categoría:ONU
United Nations Children's Fund	Unicef
United States	Estaos Xuníos d'América
United States	Categoría:Estaos Xuníos d'América
United States dollar	Dólar estaunidense
Universe	Universu
Unix	Unix
Ununbium	Ununbiu
Ununhexium	Ununhexiu
Ununpentium	Ununpentiu
Ununquadium	Ununquadiu
Ununtrium	Ununtriu
Uranus	Uranu (planeta)
Uranus (mythology)	Uranu (mitoloxía)
Ursa Major	Sietestrellu
Uruguay	Uruguay
Utah	Utah
Uzbekistan	Uzbequistán
Uzbekistan	Categoría:Uzbequistán
V	V
Valencia	Valencia
Vampire	Vampiru
Vanadium	Vanadiu
Vanuatu	Vanuatu
Varna	Varna
Vatican City	Vaticano
Vatican City	Categoría:Vaticano
Vegetable	Verdura
Velociraptor	Velociraptor
Venezuela	Venezuela
Venezuela	Categoría:Venezuela
Venice	Venecia
Venus	Venus (planeta)
Venus (disambiguation)	Venus
Venus (mythology)	Venus (mitoloxía)
Veto	Veto
Vichy	Vichy
Video game	Videoxuegu
Vietnam	Vietnam
Vietnam	Categoría:Vietnam
Viking	Viquingu
Vinegar	Vinagre
Violin	Vigulín
Virgo (constellation)	Virgu
Vladimir Lenin	Lenin
Vladimir Putin	Vladimir Putin
Volt	Voltiu
Vowel	Vocal
W	W
Walnut	Nuez
Wart	Úzara
Washington	Washington DC
Washington (disambiguation)	Washington
Water	Agua
Watt	Vatiu
Wax	Cera
Weapon	Arma
Web browser	Navegador web
Webcam	Cámara web
Weber (unit)	Weber (unidá)
Wednesday	Miércoles
Week	Selmana
Weight	Pesu
Western Sahara	Saḥara Occidental
Western Sahara	Categoría:Saḥara Occidental
Wheel	Rueda
Wiesbaden	Wiesbaden
Wildcat	Algaire
William II	Guillermo II d'Alemaña
William Shakespeare	William Shakespeare
William of Ockham	Guillelmu d'Ockham
Wine	Vinu
Winston Churchill	Winston Churchill
Winter	Iviernu
Wisconsin	Wisconsin
Wolfgang Amadeus Mozart	Wolfgang Amadeus Mozart
Woody Allen	Woody Allen
World Bank	Bancu Mundial
World Health Organization	OMS
World Trade Organization	Organización Mundial del Comerciu
World War I	Primera guerra mundial
World War II	Segunda Guerra Mundial
World War II	Categoría:Segunda Guerra Mundial
World Wide Web	World Wide Web
X	X
Y	Y
Yahweh	Xehová
Yale University	Yale
Yard	Yarda
Yasser Arafat	Yasser Arafat
Year	Añu
Yeast	Lleldu
Yellow	Mariellu
Yemen	Yemen
Yemen	Categoría:Yemen
Yoghurt	Yogur
Yom Kippur	Yom Kippur
Z	Z
Zagreb	Zagreb
Zambia	Zambia
Zaragoza	Zaragoza
Zenith	Cénit
Zeta	Dseta
Zeus	Zeus
Zimbabwe	Zimbabue
Zinc	Cinc
Zodiac	Zodíacu
Zoology	Zooloxía
