English	Welsh
1	1
10	10
100	100
100	Categori:100
1000	1000
1000	Categori:1000
101	101
105	105
11	11
110	110
115	115
12	12
12	Categori:12
120	120
125	125
13	13
130	130
135	135
14	14
14	Categori:14
140	140
144	144
145	145
15	15
150	150
1530s	1530au
155	155
16	16
16	Categori:16
160	160
165	165
17	17
17	Categori:17
170	170
1728	1728
1728	Categori:1728
175	175
1750s	1750au
1750s	Categori:1750au
1760s	1760au
1760s	Categori:1760au
1770s	1770au
1770s	Categori:1770au
1780s	1780au
1780s	Categori:1780au
1790s	1790au
1790s	Categori:1790au
18	18
18 (number)	Un deg wyth
180	180
1820s	1820au
1820s	Categori:1820au
1830s	1830au
1830s	Categori:1830au
1840s	1840au
1840s	Categori:1840au
1850s	1850au
1860s	1860au
1860s	Categori:1860au
1870s	1870au
1870s	Categori:1870au
1880s	1880au
1880s	Categori:1880au
1890s	1890au
1890s	Categori:1890au
19	19
190	190
1900s	1900au
1900s	Categori:1900au
1920s	1920au
1920s	Categori:1920au
1930s	1930au
1930s	Categori:1930au
1940s	1940au
1940s	Categori:1940au
1950s	1950au
1950s	Categori:1950au
1960s	1960au
1960s	Categori:1960au
1970s	1970au
1970s	Categori:1970au
1980s	1980au
1980s	Categori:1980au
1990s	1990au
1990s	Categori:1990au
2	2
20	20
200	200
21	21
22	22
23	23
24	24
25	25
26	26
27	27
28	28
29	29
3	3
3 (number)	Tri
30	30
300	300
31	31
32	32
33	33
34	34
35	35
36	36
37	37
38	38
39	39
4	4
4 (number)	Pedwar
40	40
400	400
41	41
42	42
43	43
44	44
45	45
46	46
47	47
48	48
49	49
5	5
5 (number)	Pump
50	50
500	500
500	Categori:500
51	51
52	52
53	53
54	54
55	55
56	56
57	57
58	58
59	59
6	6
60	60
61	61
62	62
63	63
64	64
65	65
66	66
67	67
68	68
69	69
7	7
70	70
71	71
72	72
73	73
74	74
75	75
76	76
77	77
78	78
79	79
8	8
80	80
81	81
82	82
83	83
84	84
85	85
86	86
87	87
88	88
89	89
9	9
90	90
91	91
92	92
93	93
94	94
95	95
96	96
97	97
98	98
99	99
A	A
Aachen	Aachen
Abel Tasman	Abel Tasman
Aberdeen	Aberdeen
Abidjan	Abidjan
Abraham	Abraham
Abraham Lincoln	Abraham Lincoln
Acacia	Acesia
Academy Award	Gwobrau'r Academi
Acceleration	Cyflymiad
Accra	Accra
Acid rain	Glaw asid
Aconcagua	Aconcagua
Actor	Actor
Adam Smith	Adam Smith
Addis Ababa	Addis Ababa
Adelaide	Adelaide
Adolf Hitler	Adolf Hitler
Adriatic Sea	Môr Adria
Advertising	Hysbysebu
Aegean Sea	Môr Aegeaidd
Aeschylus	Aeschulos
Affix	Dodiad
Afghanistan	Afghanistan
Afghanistan	Categori:Afghanistan
Africa	Affrica
Africa	Categori:Affrica
Afrikaans	Afrikaans
Agatha Christie	Agatha Christie
Agnosticism	Agnosticiaeth
Agora	Agora
Agra	Agra
Agriculture	Amaeth
Agriculture	Categori:Amaeth
Ain	Ain
Air force	Awyrlu
Airbus	Airbus
Aircraft	Awyren
Akhenaten	Akhenaten
Akira Kurosawa	Akira Kurosawa
Al Capone	Al Capone
Al Gore	Al Gore
Al-Qaeda	Al-Qaeda
Alabama	Alabama
Alabama	Categori:Alabama
Alan Turing	Alan Turing
Alaska	Alaska
Alaska	Categori:Alaska
Albania	Albania
Albania	Categori:Albania
Albert Camus	Albert Camus
Albert Einstein	Albert Einstein
Alberta	Alberta
Alberta	Categori:Alberta
Albinism	Albinedd
Alcohol	Alcohol
Alcoholism	Alcoholiaeth
Aleppo	Aleppo
Alexander Fleming	Alexander Fleming
Alexander Pope	Alexander Pope
Alexander Pushkin	Alexandr Pushkin
Alexander the Great	Alecsander Fawr
Alexandria	Alexandria
Alfred Hitchcock	Alfred Hitchcock
Alfred Nobel	Alfred Nobel
Alfred Russel Wallace	Alfred Russel Wallace
Alfred the Great	Alfred Fawr
Algebra	Algebra
Algeria	Algeria
Algiers	Alger
Alhambra	Alhambra
Alkali metal	Metel alcalïaidd
Allah	Al-lâh
Allotropy	Alotrop
Almond	Cneuen almon
Alphabet	Gwyddor (iaith)
Alps	Alpau
Alps	Categori:Yr Alpau
Alsace	Alsace
Altay Mountains	Mynyddoedd Altai
Aluminium	Alwminiwm
Alzheimer's disease	Clefyd Alzheimer
Amazon River	Afon Amazonas
Amber	Ambr
Amedeo Avogadro	Amedeo Avogadro
American Civil War	Rhyfel Cartref America
Amharic	Amhareg
Amman	Amman
Ammonia	Amonia
Amnesty	Amnest
Amphibian	Amffibiad
Amphitheatre	Amffitheatr
Amsterdam	Amsterdam
Amsterdam	Categori:Amsterdam
Anabaptist	Annibynwyr
Anarchism	Categori:Anarchiaeth
Anatomy	Categori:Anatomeg
Anatomy	Anatomeg
Anaximander	Anaximandros
Andalusia	Andalucía
Andes	Andes
Andhra Pradesh	Andhra Pradesh
Andorra	Andorra
Andorra	Categori:Andorra
Andrew Jackson	Andrew Jackson
Andrew Johnson	Andrew Johnson
Andrew Lloyd Webber	Andrew Lloyd Webber
Andromeda	Andromeda
Andromeda (constellation)	Andromeda (cytser)
Andromeda (mythology)	Andromeda (mytholeg)
Andromeda Galaxy	Andromeda (galaeth)
Andy Warhol	Andy Warhol
Angola	Angola
Anguilla	Anguilla
Animal	Anifail
Ankara	Ankara
Annapurna	Annapurna
Anne Boleyn	Ann Boleyn
Annelid	Anelid
Anno Domini	Oed Crist
Anode	Anod
Ant	Morgrugyn
Antakya	Antakya
Antarctica	Yr Antarctig
Antarctica	Categori:Yr Antarctig
Anthony Hopkins	Anthony Hopkins
Anthropology	Anthropoleg
Anthropology	Categori:Anthropoleg
Antigua and Barbuda	Antigua a Barbuda
Antigua and Barbuda	Categori:Antigua a Barbuda
Antimony	Antimoni
Antisemitism	Gwrth-Semitiaeth
Anton Bruckner	Anton Bruckner
Anton Chekhov	Anton Chekhov
Antonio Vivaldi	Antonio Vivaldi
Antonym	Gwrthwynebair
Antwerp	Antwerp
Anubis	Anubis
Anus	Anws
Apache	Apache
Ape	Epa
Apia	Apia
Apollo	Apollo
Apple	Afal
April	Ebrill
April 14	14 Ebrill
Apulia	Puglia
Aquarium	Acwariwm
Aqueduct	Traphont
Aquitaine	Aquitaine
Arab	Arabiaid
Arab League	Y Cynghrair Arabaidd
Arabian Peninsula	Arabia
Arabian Sea	Môr Arabia
Arabic alphabet	Yr wyddor Arabeg
Arabic language	Arabeg
Arachnid	Arachnid
Aragon	Aragón
Aral Sea	Môr Aral
Arcadia	Arcadia
Arcangelo Corelli	Arcangelo Corelli
Arch	Bwa (pensaernïaeth)
Archaeology	Archaeoleg
Archaeology	Categori:Archaeoleg
Archangel	Archangel
Archbishop	Archesgob
Archimedes	Archimedes
Architect	Pensaer
Architecture	Pensaernïaeth
Architecture	Categori:Pensaernïaeth
Arctic	Yr Arctig
Arctic Ocean	Cefnfor yr Arctig
Ardennes (department)	Ardennes (département)
Area	Arwynebedd
Arecaceae	Palmwydden
Argentina	Yr Ariannin
Argentina	Categori:Yr Ariannin
Argon	Argon
Argos	Argos (dinas)
Arianism	Ariadaeth
Aristophanes	Aristoffanes
Aristotle	Aristoteles
Arius	Arius
Arizona	Arizona
Arizona	Categori:Arizona
Arkansas	Arkansas
Arkansas	Categori:Arkansas
Armenia	Armenia
Armenia	Categori:Armenia
Armenian language	Armeneg
Arminius	Arminius
Army	Byddin
Arras	Arras
Arsenic	Arsenig
Art	Celfyddyd
Artery	Rhydweli
Arthropod	Arthropod
Arthur Conan Doyle	Arthur Conan Doyle
Arthur Miller	Arthur Miller
Arthur Rimbaud	Arthur Rimbaud
Arthur Wellesley	Arthur Wellesley, Dug 1af Wellington
Artist	Arlunydd
Arts	Categori:Celfyddydau
Asexuality	Anrhywioldeb
Asia	Asia
Asia	Categori:Asia
Assyria	Categori:Assyria
Asteraceae	Categori:Asteraceae
Asthma	Asthma
Astrobiology	Astrofioleg
Astronomical unit	Uned seryddol
Astronomy	Seryddiaeth
Astronomy	Categori:Seryddiaeth
Astrophysics	Categori:Astroffiseg
Atheism	Categori:Anffyddiaeth
Athena	Athena
Athens	Athen
Athletics (track and field)	Athletau (trac a chae)
Atlantic Ocean	Cefnfor yr Iwerydd
Atlantic Ocean	Categori:Cefnfor yr Iwerydd
Atlas (disambiguation)	Atlas
Atlas (moon)	Atlas (lloeren)
Atlas Mountains	Mynyddoedd yr Atlas
Atmosphere	Awyrgylch
Atoll	Atol
Atom	Atom
Atomic number	Rhif Atomig
Attica	Attica
Attila the Hun	Attila
Auckland	Auckland
August	Awst
August 1	1 Awst
August 15	15 Awst
August 6	6 Awst
August Strindberg	August Strindberg
Auguste Rodin	Auguste Rodin
Augustine of Hippo	Awstin o Hippo
Augustus	Augustus
Australasia	Awstralasia
Australia	Awstralia
Australia	Categori:Awstralia
Austria	Awstria
Austria	Categori:Awstria
Autism	Awtistiaeth
Auto racing	Rasio ceir
Autobiography	Hunangofiant
Autumn	Hydref (tymor)
Auvergne (region)	Auvergne
Avalanche	Eirlithriad
Avicenna	Avicenna
Azerbaijan	Azerbaijan
Azerbaijan	Categori:Azerbaijan
Aztec	Aztec
B	B
Baal	Baal
Bacteria	Bacteria
Baffin Island	Ynys Baffin
Baghdad	Baghdad
Bahamas	Categori:Bahamas
Bahrain	Bahrain
Bahrain	Categori:Bahrain
Balearic Islands	Ynysoedd Balearig
Bali	Bali
Balkan Wars	Rhyfeloedd y Balcanau
Balkans	Balcanau
Baltic Sea	Y Môr Baltig
Bamako	Bamako
Banana	Banana
Banana republic	Gweriniaeth fanana
Bangalore	Bangalore
Bangkok	Bangkok
Bangladesh	Bangladesh
Bangladesh	Categori:Bangladesh
Bank	Banc
Banks	Categori:Banciau
Barbados	Barbados
Barbados	Categori:Barbados
Barcelona	Barcelona
Barium	Bariwm
Barley	Haidd
Barn Owl	Tylluan Wen
Barn Swallow	Gwennol
Baroque	Baróc
Basalt	Basalt
Basketball	Pêl fasged
Basketball	Categori:Pêl Fas
Basse-Normandie	Basse-Normandie
Bastille	Bastille
Bat	Ystlum
Bath	Caerfaddon
Batman	Batman
Battle of Hastings	Brwydr Hastings
Battle of Marathon	Brwydr Marathon
Battle of Thermopylae	Brwydr Thermopylae
Battle of Verdun	Brwydr Verdun
Battle of Waterloo	Brwydr Waterloo
Battle of the Somme	Brwydr y Somme 1916
Bavaria	Bafaria
Bay of Bengal	Bae Bengal
Beach	Traeth
Bear	Arth
Beaver	Afanc
Bede	Beda
Bee	Gwenynen
Beer	Cwrw
Beer	Categori:Cwrw
Beijing	Beijing
Beirut	Beirut
Belarus	Belarws
Belarus	Categori:Belarws
Belfast	Belffast
Belgium	Gwlad Belg
Belgium	Categori:Gwlad Belg
Belgrade	Beograd
Belisarius	Belisarius
Belize	Belize
Belize	Categori:Belize
Benelux	Benelux
Bengal	Bengal
Benghazi	Benghazi
Benin	Benin
Benito Mussolini	Benito Mussolini
Benjamin Britten	Benjamin Britten
Benjamin Disraeli	Benjamin Disraeli
Benjamin Harrison	Benjamin Harrison
Bergen	Bergen
Bering Strait	Culfor Bering
Berkshire	Berkshire
Berlin	Berlin
Bermuda	Bermuda
Bermuda	Categori:Bermuda
Bernhard Riemann	Bernhard Riemann
Bertolt Brecht	Bertolt Brecht
Bertrand Russell	Bertrand Russell
Beryllium	Beriliwm
Beta (letter)	Beta (llythyren)
Bethlehem	Bethlehem
Bhutan	Bhutan
Bhutan	Categori:Bhutan
Bible	Y Beibl
Bible	Categori:Beibl
Bicycle	Beic
Big Bang	Damcaniaeth y Glec Fawr
Bihar	Bihar
Bikini	Bicini (dilledyn)
Bill Clinton	Bill Clinton
Bill Gates	Bill Gates
Biochemistry	Biocemeg
Biochemistry	Categori:Biocemeg
Biodiversity	Bioamrywiaeth
Biography	Cofiant
Biology	Bioleg
Biology	Categori:Bioleg
Birch	Bedwen
Bird	Aderyn
Bisexuality	Deurywioldeb
Bishop	Esgob
Bishop (chess)	Esgob (gwyddbwyll)
Bismarck (disambiguation)	Bismarck
Bissau	Bissau
Bithynia	Bithynia
Black	Du
Black Death	Pla Du
Black Sea	Y Môr Du
Blaise Pascal	Blaise Pascal
Blindness	Dallineb
Blog	Blog
Blood	Gwaed
Blue	Glas
Blues	Y felan
Boar	Baedd Gwyllt
Boat	Cwch
Bob Dylan	Bob Dylan
Bob Marley	Bob Marley
Bobby Fischer	Bobby Fischer
Bohemia	Bohemia
Bolivia	Bolifia
Bolivia	Categori:Bolifia
Bologna	Bologna
Bolshevik	Plaid Bolsiefic
Bone	Asgwrn
Book	Llyfr
Book of Numbers	Llyfr Numeri
Book of Revelation	Datguddiad Ioan
Bordeaux	Bordeaux
Boris Pasternak	Boris Pasternak
Borneo	Borneo
Boron	Boron
Bosnia and Herzegovina	Bosna a Hercegovina
Bosporus	Bosphorus
Boston	Boston
Botany	Botaneg
Botany	Categori:Botaneg
Botswana	Botswana
Botswana	Categori:Botswana
Bourgogne	Bourgogne
Bouvet Island	Ynys Bouvet
Boxers	Categori:Paffwyr
Brahma	Brahma
Brahmaputra River	Afon Brahmaputra
Brain	Ymennydd
Bratislava	Bratislava
Brazil	Brasil
Brazil	Categori:Brasil
Bread	Bara
Brest	Brest
Bretagne	Bretagne
Bridge	Pont
Bridges	Categori:Pontydd
Bridgetown	Bridgetown
Brighton	Brighton
Brisbane	Brisbane
Bristol	Bryste
British Columbia	British Columbia
British Empire	Yr Ymerodraeth Brydeinig
British Isles	Ynysoedd Prydain ac Iwerddon
British people	Categori:Prydeinwyr
Bromine	Bromin
Bronze Age	Oes yr Efydd
Bruges	Brugge
Brunei	Brunei
Brunei	Categori:Brunei
Brussels	Brwsel
Buckingham Palace	Palas Buckingham
Budapest	Budapest
Buddhism	Bwdhaeth
Buddhism	Categori:Bwdhaeth
Buddy Holly	Buddy Holly
Buenos Aires	Buenos Aires
Bulgaria	Bwlgaria
Bulgaria	Categori:Bwlgaria
Burkina Faso	Burkina Faso
Burkina Faso	Categori:Burkina Faso
Burma	Myanmar
Burma	Categori:Myanmar
Burundi	Categori:Bwrwndi
Butter	Menyn
Butterfly	Glöyn byw
C	C
C (programming language)	C (cyfrifiadureg)
C. S. Lewis	C. S. Lewis
Caesium	Cesiwm
Caffeine	Caffein
Cairo	Cairo
Cake	Teisen
Calais	Calais
Calcium	Calsiwm
Calendar	Calendr
California	California
Caligula	Caligula
Calvados	Calvados
Calvin Coolidge	Calvin Coolidge
Cambodia	Cambodia
Cambrian	Cambriaidd
Cambridge	Caergrawnt
Camel	Camel
Cameroon	Camerŵn
Cameroon	Categori:Camerŵn
Campania	Campania
Canada	Canada
Canada	Categori:Canada
Canal	Camlas
Canary Islands	Yr Ynysoedd Dedwydd
Canary Islands	Categori:Yr Ynysoedd Dedwydd
Canberra	Canberra
Cancer	Cancr
Cannabis (drug)	Cannabis (cyffur)
Canterbury	Caergaint
Capacitor	Cynhwysydd
Cape Horn	Yr Horn
Cape Town	Tref y Penrhyn
Cape Verde	Cabo Verde
Cape Verde	Categori:Cabo Verde
Cape of Good Hope	Penrhyn Gobaith Da
Capital	Prifddinas
Capital punishment	Y gosb eithaf
Capitalism	Cyfalafiaeth
Cappadocia	Cappadocia
Caravaggio	Caravaggio
Carbon	Carbon
Carbon cycle	Cylchred Garbon
Carboniferous	Carbonifferaidd
Cardiff	Caerdydd
Caribbean Sea	Môr y Caribî
Carnivora	Ysglyfaethwr
Carnivore	Cigysydd
Carolingian dynasty	Y Carolingiaid
Carolus Linnaeus	Carolus Linnaeus
Carrot	Moronen
Cartagena	Cartagena, Sbaen
Carthage	Carthago
Cartography	Cartograffeg
Cartography	Categori:Cartograffeg
Casablanca	Casablanca
Cassiopeia (constellation)	Cassiopeia (cytser)
Castle	Castell
Castling	Castellu (gwyddbwyll)
Cat	Cath
Catalonia	Catalonia
Catalysis	Catalysis
Cathedral	Eglwys gadeiriol
Catherine Parr	Catrin Parr
Catherine of Aragon	Catrin o Aragon
Catholicism	Catholigiaeth
Cattle	Buwch
Caucasus	Categori:Y Cawcasws
Cave	Ogof
Cayenne	Cayenne
Cecil Rhodes	Cecil Rhodes
Cell (biology)	Cell (bioleg)
Cell nucleus	Cnewyllyn
Cello	Sielo
Census	Cyfrifiad
Centimetre	Centimetr
Central Africa	Canolbarth Affrica
Central African Republic	Gweriniaeth Canolbarth Affrica
Central African Republic	Categori:Gweriniaeth Canolbarth Affrica
Central America	Categori:Canolbarth America
Central Intelligence Agency	CIA
Central bank	Banc canolog
Centre	Centre
Cepheus (constellation)	Cepheus (cytser)
Cereal	Grawn
Ceres	Ceres
Ceres (dwarf planet)	Ceres (planed gorrach)
Cetacea	Morfil
Chad	Tchad
Chad	Categori:Tchad
Chaffinch	Ji-binc
Champagne-Ardenne	Champagne-Ardenne
Charlemagne	Siarlymaen
Charleroi	Charleroi
Charles	Y Tywysog Siarl, Tywysog Cymru
Charles Baudelaire	Charles Baudelaire
Charles Darwin	Charles Darwin
Charles Dickens	Charles Dickens
Charles de Gaulle	Charles de Gaulle
Charles the Bald	Siarl Foel
Charlie Chaplin	Charles Chaplin
Charon (moon)	Charon (lloeren)
Charon (mythology)	Charon (mytholeg)
Chartres	Chartres
Che Guevara	Che Guevara
Cheese	Caws
Chemical element	Elfen gemegol
Chemical warfare	Arf gemegol
Chemistry	Cemeg
Chemistry	Categori:Cemeg
Chennai	Chennai
Chert	Callestr
Chess	Gwyddbwyll
Chess	Categori:Gwyddbwyll
Chess opening	Agoriadau gwyddbwyll
Chester A. Arthur	Chester A. Arthur
Chi (letter)	Chi (llythyren)
Chicago	Chicago
Chicken	Iâr (ddof)
Chihuahua	Chihuahua
Chile	Chile
Chile	Categori:Chile
Chimpanzee	Tsimpansî
China	Tsieina
Chlorine	Clorin
Chlorophyll	Cloroffyl
Chocolate	Siocled
Cholera	Colera
Chordate	Cordog
Christiaan Huygens	Christiaan Huygens
Christianity	Cristnogaeth
Christianity	Categori:Cristnogaeth
Christmas	Nadolig
Christmas	Categori:Nadolig
Christmas tree	Coeden Nadolig
Christopher Columbus	Christopher Columbus
Christopher Marlowe	Christopher Marlowe
Chromosome	Cromosom
Chronology	Categori:Cronoleg
Chuck Berry	Chuck Berry
Church (building)	Eglwys
Church of England	Eglwys Loegr
Cicero	Cicero
Circle	Cylch
Citizenship	Dinasyddiaeth
City-state	Dinas-wladwriaeth
Civil war	Rhyfel cartref
Civilization	Gwareiddiad
Class (biology)	Dosbarth (bioleg)
Classical music	Cerddoriaeth glasurol
Classical music	Categori:Cerddoriaeth glasurol
Claude Monet	Claude Monet
Claudio Monteverdi	Claudio Monteverdi
Claudius	Claudius
Cleopatra (disambiguation)	Cleopatra (gwahaniaethu)
Climate	Categori:Hinsawdd
Clitoris	Clitoris
Clothing	Categori:Dillad
Clothing	Dillad
Cloud	Cwmwl
Cnidaria	Cnidariad
Coal	Glo
Coat of arms	Arfbais
Cocktail	Coctêl
Coffee	Coffi
Coffee	Categori:Coffi
Cola	Cola
Cold War	Y Rhyfel Oer
Cold War	Categori:Y Rhyfel Oer
Cologne	Cwlen
Colombia	Colombia
Colombia	Categori:Colombia
Colombo	Colombo
Color	Lliw
Colorado	Colorado
Colorado	Categori:Colorado
Colorado River	Afon Colorado (Arizona)
Colosseum	Colosseum
Colossus of Rhodes	Colossus Rhodes
Columba (constellation)	Columba (cytser)
Columbidae	Colomen
Comet	Comed
Commerce	Categori:Masnach
Common cold	Annwyd
Commonwealth of Independent States	Cymanwlad y Gwladwriaethau Annibynnol
Commonwealth of Nations	Y Gymanwlad
Communism	Comiwnyddiaeth
Communism	Categori:Comiwnyddiaeth
Comoros	Comoros
Comoros	Categori:Comoros
Compact Disc	Crynoddisg
Composer	Cyfansoddwr
Computer	Cyfrifiadur
Computing	Category:Cyfrifiaduron
Confederation	Conffederasiwn
Confucianism	Conffiwsiaeth
Confucius	Conffiwsiws
Congo River	Afon Congo
Connecticut	Connecticut
Connecticut	Categori:Connecticut
Connective tissue	Meinwe cyswllt
Conservatism	Ceidwadaeth
Consonant	Cytsain
Constantine I	Cystennin I
Constantinople	Caergystennin
Constellation	Cytser
Continent	Cyfandir
Coordinated Universal Time	UTC
Copenhagen	Copenhagen
Copper	Copr
Cork (city)	Corc
Cornwall	Cernyw
Corona Borealis	Corona Borealis
Corsica	Corsica
Cosmology	Categori:Cosmoleg
Costa Rica	Costa Rica
Costa Rica	Categori:Costa Rica
Cotton	Cotwm
Council of Chalcedon	Cyngor Chalcedon
Council of Trent	Cyngor Trent
Country	Gwlad
Country music	Canu gwlad
Court	Llys (cyfraith)
Covalent bond	Bond cofalent
Crete	Creta
Cricket	Criced
Criminal law	Categori:Cyfraith droseddol
Criminology	Troseddeg
Criminology	Categori:Troseddeg
Croatia	Croatia
Croatia	Categori:Croatia
Crow	Brân
Crust (geology)	Cramen y Ddaear
Crustacean	Cramennog
Cuba	Cuba
Cuba	Categori:Cuba
Cucumber	Ciwcymbr
Cultural Revolution	Chwyldro Diwylliannol
Culture	Diwylliant
Culture	Categori:Diwylliant
Cumbria	Cumbria
Curitiba	Curitiba
Currency	Arian cyfred
Cyclades	Cyclades
Cyprus	Cyprus
Cyrillic alphabet	Yr wyddor Gyrilig
Cystic fibrosis	Ffibrosis systig
Czech Republic	Gweriniaeth Tsiec
Czech Republic	Categori:Gweriniaeth Tsiec
Czechoslovakia	Tsiecoslofacia
D	D
D. H. Lawrence	D. H. Lawrence
D. W. Griffith	D. W. Griffith
DNA	DNA
DVD	DVD
Dalai Lama	Dalai Lama
Dam	Argae
Damascus	Damascus
Dance	Dawns
Daniel Defoe	Daniel Defoe
Dante Alighieri	Dante Alighieri
Danube	Afon Donaw
Dar es Salaam	Dar es Salaam
Dardanelles	Dardanelles
Darjeeling	Darjeeling
Darwin	Darwin (Tiriogaeth y Gogledd)
Darwin	Darwin
Das Kapital	Das Kapital
Date Palm	Palmwydden ddatys
Day	Diwrnod
Days	Categori:Dyddiau
De facto	De facto
Dead Sea	Môr Marw
Death	Marwolaeth
Death	Categori:Marwolaeth
December	Rhagfyr
December 31	31 Rhagfyr
December 8	8 Rhagfyr
Decius (emperor)	Decius
Deco	Deco
Deer	Carw
Deimos (moon)	Deimos (lloeren)
Delaware	Delaware
Delaware	Categori:Delaware
Delphi	Delphi
Delta	Delta
Delta (letter)	Delta (llythyren)
Democracy	Democratiaeth
Democratic Party (United States)	Plaid Ddemocrataidd (Unol Daleithiau)
Democratic Republic of the Congo	Gweriniaeth Ddemocrataidd Congo
Demography	Demograffeg
Denmark	Denmarc
Denmark	Categori:Denmarc
Desert	Anialwch
Deserts	Categori:Anialwch
Desiderius Erasmus	Desiderius Erasmus
Design	Dylunio
Design	Categori:Dylunio
Detroit	Detroit, Michigan
Deuteronomy	Llyfr Deuteronomium
Devon	Dyfnaint
Devonian	Defonaidd
Dhaka	Dhaka
Dhaulagiri	Dhaulagiri
Diabetes mellitus	Clefyd y siwgr
Dialect	Tafodiaith
Diameter	Diamedr
Diana	Diana, Tywysoges Cymru
Dice	Dis
Dicotyledon	Deugotyledon
Dictionary	Geiriadur
Dingo	Dingo
Dinosaur	Deinosor
Diocletian	Diocletian
Diplomacy	Diplomyddiaeth
Diplomacy	Categori:Diplomyddiaeth
Disambiguation	Categori:Gwahaniaethu
Disease	Clefyd
Division (mathematics)	Rhannu (mathemateg)
Djibouti	Categori:Djibouti
Dmitri Mendeleev	Dmitri Mendeleev
Dmitri Shostakovich	Dmitri Shostakovich
Dodecahedron	Dodecahedron
Dodecanese	Dodecanese
Dog	Ci
Dolly (sheep)	Doli'r Ddafad
Dolphin	Dolffin
Dome	Cromen
Domesday Book	Llyfr Dydd y Farn
Dominica	Categori:Dominica
Dominican Republic	Gweriniaeth Dominica
Dominican Republic	Categori:Gweriniaeth Dominica
Domitian	Domitian
Don Quixote	Don Quixote
Don River (Russia)	Afon Don (Rwsia)
Donatello	Donatello
Douala	Douala
Draco (constellation)	Draco (cytser)
Dragon	Draig
Dresden	Dresden
Drink	Diod
Druid	Derwydd
Drum	Drwm
Dublin	Dulyn
Duck	Hwyaden
Dushanbe	Dushanbe
Dustin Hoffman	Dustin Hoffman
Dutch people	Categori:Iseldirwyr
Dwight D. Eisenhower	Dwight D. Eisenhower
Dyslexia	Dyslecsia
E	E
E-mail	E-bost
Eagle	Eryr
Ear	Clust
Earth	Y Ddaear
Earth	Categori:Y Ddaear
Earth science	Gwyddorau daear
Earthquake	Daeargryn
East Africa	Dwyrain Affrica
East Germany	Gweriniaeth Ddemocrataidd yr Almaen
East Sussex	Dwyrain Sussex
East Timor	Dwyrain Timor
Eastern Orthodox Church	Eglwys Uniongred Ddwyreiniol
Ebro	Afon Ebro
Echinoderm	Echinoderm
Ecology	Ecoleg
Ecology	Categori:Ecoleg
Economics	Economeg
Economics	Categori:Economeg
Economy	Economeg
Ecosystem	Ecosystem
Ecuador	Ecuador
Ecuador	Categori:Ecuador
Edgar Allan Poe	Edgar Allan Poe
Edinburgh	Caeredin
Edirne	Edirne
Edmonton	Edmonton, Alberta
Edmund Burke	Edmund Burke
Edmund Hillary	Edmund Hillary
Edo	Edo
Education	Addysg
Education	Categori:Addysg
Edvard Grieg	Edvard Grieg
Edward Jenner	Edward Jenner
Edwin Hubble	Edwin Powell Hubble
Egg (biology)	Ŵy
Eggplant	Planhigyn ŵy
Egypt	Yr Aifft
Egypt	Categori:Yr Aifft
Egyptology	Eifftoleg
Ejaculation	Alldafliad
El Greco	El Greco
El Salvador	El Salvador
El Salvador	Categori:El Salvador
Election	Etholiad
Electrical engineering	Categori:Peirianneg drydanol
Electricity	Trydan
Electricity	Categori:Trydan
Electromagnetism	Categori:Electromagneteg
Electron	Electron
Element	Elfen
Elephant	Eliffant
Elizabeth Taylor	Elizabeth Taylor
Ella Fitzgerald	Ella Fitzgerald
Elvis Presley	Elvis Presley
Emma Goldman	Emma Goldman
Emotion	Categori:Emosiwn
Empire State Building	Empire State Building
Encyclopedia	Gwyddoniadur
Engineering	Peirianneg
England	Lloegr
England	Categori:Lloegr
English Channel	Môr Udd
English Civil War	Rhyfel Cartref Lloegr
English language	Saesneg
English people	Categori:Saeson
English people	Saeson
Enrico Caruso	Enrico Caruso
Entertainment	Categori:Adloniant
Environment	Categori:Amgylchedd
Enzyme	Ensym
Ephesus	Effesus
Epirus (periphery)	Epiros
Epistemology	Epistemoleg
Epistle to the Galatians	Llythyr Paul at y Galatiaid
Epsilon	Epsilon
Equation	Hafaliad
Equator	Cyhydedd
Equatorial Guinea	Guinea Gyhydeddol
Equinox	Cyhydnos
Eratosthenes	Eratosthenes
Ericaceae	Ericaceae
Eris (dwarf planet)	Eris (planed gorrach)
Eritrea	Categori:Eritrea
Ernest Rutherford	Ernest Rutherford
Erosion	Erydiad
Erotica	Erotica
Esperanto	Esperanto
Essex	Essex
Estonia	Categori:Estonia
Eta (letter)	Eta (llythyren)
Ethics	Categori:Moeseg
Ethiopia	Ethiopia
Ethnic group	Grŵp ethnig
Etymology	Geirdarddiad
Euclid	Euclid
Eukaryote	Ewcaryot
Euphrates	Afon Ewffrates
Eurasia	Ewrasia
Eurasian Badger	Mochyn daear
Euripides	Euripides
Euro	Ewro
Europe	Ewrop
Europe	Categori:Ewrop
European Central Bank	Banc Canolog Ewrop
European Community	Cymuned Ewropeaidd
European Magpie	Pioden
European Union	Undeb Ewropeaidd
European Union	Categori:Yr Undeb Ewropeaidd
Euthanasia	Ewthanasia
Eva Braun	Eva Braun
Evolution	Esblygiad
Excalibur	Caledfwlch
Excommunication	Ysgymuno
Exodus	Llyfr Exodus
Eye	Llygad
Eye	Categori:Llygad
F	F
Face	Wyneb
Fagaceae	Categori:Fagaceae
Fairy	Tylwyth Teg
Falkland Islands	Ynysoedd y Falklands
Fallopian tube	Tiwbiau Ffalopaidd
Family (biology)	Teulu (bioleg)
Farad	Farad
Faroe Islands	Categori:Føroyar
Fascism	Ffasgiaeth
Fascism	Categori:Ffasgiaeth
Fashion	Categori:Ffasiwn
Fear	Ofn
February	Chwefror
February 12	12 Chwefror
February 14	14 Chwefror
February 2	2 Chwefror
February 22	22 Chwefror
February 29	29 Chwefror
Feces	Ymgarthion
Federated States of Micronesia	Taleithiau Ffederal Micronesia
Federated States of Micronesia	Categori:Taleithiau Ffederal Micronesia
Federico Fellini	Federico Fellini
Felix Mendelssohn	Felix Mendelssohn
Fencing	Cleddyfa
Ferdinand Magellan	Fernão de Magalhães
Ferdinand de Saussure	Ferdinand de Saussure
Fern	Rhedynen
Ferrara	Ferrara
Fiction	Categori:Ffuglen
Fidel Castro	Fidel Castro
Fiji	Fiji
Fiji	Categori:Fiji
Film	Categori:Ffilm
Film	Ffilm
Finance	Categori:Arianneg
Finland	Y Ffindir
Fire	Tân
First Council of Nicaea	Cyngor Cyntaf Nicaea
First Crusade	Y Groesgad Gyntaf
Fish	Pysgodyn
Fish	Categori:Pysgod
Fishing	Pysgota
Flag	Baner
Flanders	Fflandrys
Flatworm	Llyngyren ledog
Flint	Callestr
Flood	Llifogydd
Florence	Fflorens
Florence Nightingale	Florence Nightingale
Florida	Fflorida
Florida	Categori:Fflorida
Flower	Blodeuyn
Flowering plant	Planhigyn blodeuol
Flute	Ffliwt
Folklore	Categori:Llên gwerin
Food	Bwyd
Food chain	Cadwyn fwyd
Foot	Troed
Football (soccer)	Pêl-droed
Football (soccer)	Categori:Pêl-droed
Football (soccer) by country	Categori:Pêl-droed yn ôl gwlad
Football (soccer) clubs	Categori:Timau pêl-droed
Force	Grym
Forest	Coedwig
Fossil fuel	Tanwydd ffosil
Fourth Crusade	Y Bedwaredd Groesgad
Fox	Llwynog
France	Ffrainc
France	Categori:Ffrainc
Francis Drake	Francis Drake
Francis of Assisi	Ffransis o Assisi
Franciscan	Urdd Sant Ffransis
Francisco Franco	Francisco Franco
Francisco Goya	Francisco Goya
Francisco Pizarro	Francisco Pizarro
Francium	Ffransiwm
Frank Lloyd Wright	Frank Lloyd Wright
Frank Sinatra	Frank Sinatra
Frankfurt	Frankfurt am Main
Franklin Pierce	Franklin Pierce
Franz Kafka	Franz Kafka
Franz Schubert	Franz Schubert
French Polynesia	Categori:Polynesia Ffrengig
French Revolution	Y Chwyldro Ffrengig
French people	Categori:Ffrancod
Friday	Dydd Gwener
Friesland	Fryslân
Friuli-Venezia Giulia	Friuli-Venezia Giulia
Frog	Llyffant
Fruit	Ffrwyth
Fruit	Categori:Ffrwythau
Fundamental	Categori:Sylfaenol
Fundamentalism	Ffwndamentaliaeth
Fungi	Categori:Ffyngau
Fungus	Ffwng
Fyodor Dostoevsky	Fyodor Dostoievski
G	G
Gabon	Gabon
Gabon	Categori:Gabon
Gaborone	Gaborone
Gabriel	Gabriel
Galatia	Galatiaid
Galicia (Spain)	Galicia
Galilee	Galilea
Galileo Galilei	Galileo Galilei
Gallbladder	Coden fustl
Gallium	Galiwm
Galway	Galway
Gamma	Gamma
Ganges	Afon Ganga
Garden	Gardd
Garden of Eden	Gardd Eden
Gardening	Garddio
Gargoyle	Gargoil
Garlic	Garlleg
Garonne	Afon Garonne
Gas	Nwy
Gas giant	Cawr nwy
Gastrointestinal tract	System dreulio
Gaul	Gâl
Gautama Buddha	Siddhartha Gotama
Gay	Hoyw
Genealogy	Hel Achau
Genealogy	Categori:Achyddiaeth
Genesis	Llyfr Genesis
Genetics	Categori:Geneteg
Geneva	Genefa
Genoa	Genova
Genocide	Hil-laddiad
Genocide	Categori:Hil-laddiad
Genus	Genws (bioleg)
Geochemistry	Geocemeg
Geoffrey Chaucer	Geoffrey Chaucer
Geography	Daearyddiaeth
Geography	Categori:Daearyddiaeth
Geology	Categori:Daeareg
Geology	Daeareg
Geometry	Categori:Geometreg
Geomorphology	Morffoleg (daearyddiaeth)
Geophysics	Categori:Geoffiseg
Georg Philipp Telemann	Georg Philipp Telemann
Georg Wilhelm Friedrich Hegel	Georg Hegel
George Bernard Shaw	George Bernard Shaw
George Bush	George Bush
George Frideric Handel	George Frideric Handel
George Gershwin	George Gershwin
George Harrison	George Harrison
George Lucas	George Lucas
George Orwell	George Orwell
George Stephenson	George Stephenson
George W. Bush	George W. Bush
George Washington	George Washington
Georges Bizet	Georges Bizet
Georges Braque	Georges Braque
Georges Clemenceau	Georges Clemenceau
Georgia (U.S. state)	Georgia (talaith UDA)
Georgia (U.S. state)	Categori:Georgia (talaith UDA)
Georgia (country)	Georgia
Georgia (country)	Categori:Georgia
Gerald Ford	Gerald Ford
German language	Almaeneg
Germanium	Germaniwm
Germany	Yr Almaen
Germany	Categori:Yr Almaen
Geronimo	Geronimo
Ghana	Ghana
Ghana	Categori:Ghana
Ghent	Gent
Ghetto	Geto
Giacomo Puccini	Giacomo Puccini
Gibraltar	Gibraltar
Ginger	Sinsir
Ginkgo	Coeden ginco
Giordano Bruno	Giordano Bruno
Giotto di Bondone	Giotto
Gironde	Gironde
Giuseppe Verdi	Giuseppe Verdi
Glacier	Rhewlif
Glasgow	Glasgow
Glass	Gwydr
Globalization	Globaleiddio
Gloucestershire	Swydd Gaerloyw
Goa	Goa
Goat	Gafr
Gobi Desert	Gobi
God	Duw
Golan Heights	Ucheldiroedd Golan
Gold	Aur
Golda Meir	Golda Meir
Golden Eagle	Eryr Euraid
Golf	Golff
Golf	Categori:Golff
Google	Google
Google	Categori:Google
Goshawk	Gwalch Marth
Gospel of Luke	Yr Efengyl yn ôl Luc
Gothic architecture	Pensaernïaeth Gothig
Government	Llywodraeth
Graffiti	Graffiti
Grammar	Gramadeg
Grammar	Categori:Gramadeg
Granada	Granada
Grand Slam (tennis)	Y Gamp Lawn (tenis)
Granite	Gwenithfaen
Grape	Grawnwin
Gravitation	Disgyrchiant
Gray Wolf	Blaidd
Great Britain	Prydain Fawr
Great Crested Grebe	Gwyach Fawr Gopog
Great Depression	Dirwasgiad Mawr
Great Lakes	Y Llynnoedd Mawr
Great Wall of China	Mur Mawr Tsieina
Greater London	Llundain Fwyaf
Greece	Gwlad Groeg
Greece	Categori:Gwlad Groeg
Greek alphabet	Yr wyddor Roeg
Greek alphabet	Categori:Yr Wyddor Roeg
Greek mythology	Mytholeg Roeg
Greek mythology	Categori:Mytholeg Roeg
Green	Gwyrdd
Greenland	Grønland
Gregor Mendel	Gregor Mendel
Gregorian calendar	Calendr Gregori
Grenada	Categori:Grenada
Grenoble	Grenoble
Greylag Goose	Gŵydd Wyllt
Gross domestic product	Cynnyrch mewnwladol crynswth
Group	Grŵp
Group (mathematics)	Grŵp (mathemateg)
Guatemala	Categori:Guatemala
Guernsey	Ynys y Garn
Guinea	Guinée
Guinea	Categori:Guinée
Guinea pig	Mochyn cwta
Guinea-Bissau	Guiné-Bissau
Guitar	Gitâr
Gujarat	Gujarat
Gulf of Aden	Gwlff Aden
Gulf of Finland	Gwlff y Ffindir
Gulf of Oman	Gwlff Oman
Gulf of Riga	Gwlff Riga
Gunpowder	Powdwr gwn
Gustav Mahler	Gustav Mahler
Guy Fawkes	Guto Ffowc
Guyana	Categori:Guyana
H	H
H. G. Wells	H. G. Wells
HTML	HTML
Hadrian	Hadrian
Hadrian's Wall	Mur Hadrian
Hagia Sophia	Hagia Sophia
Haiku	Haiku
Haiti	Haiti
Haiti	Categori:Haiti
Hajj	Hajj
Halloween	Gŵyl Calan Gaeaf
Halogen	Halogen
Hamburg	Hamburg
Hamlet	Hamlet
Hampshire	Hampshire
Hand	Llaw
Hanging Gardens of Babylon	Gerddi Crog Babilon
Hannah Arendt	Hannah Arendt
Hannibal	Hannibal
Hanoi	Hanoi
Hans Christian Andersen	Hans Christian Andersen
Harp	Telyn
Harriet Beecher Stowe	Harriet Beecher Stowe
Haute-Normandie	Haute-Normandie
Hawaii	Hawaii
Hawaii	Categori:Hawaii
Head	Pen
Health	Categori:Iechyd
Heart	Calon
Hebrides	Ynysoedd Heledd
Hectare	Hectar
Hector Berlioz	Hector Berlioz
Hedgehog	Draenog
Heinrich Himmler	Heinrich Himmler
Helen Keller	Helen Keller
Helium	Heliwm
Helsinki	Helsinki
Henri Matisse	Henri Matisse
Henrik Ibsen	Henrik Ibsen
Henry Ford	Henry Ford
Henry Moore	Henry Moore
Heracles	Heracles
Heraclitus	Heraclitos
Herat	Herat
Herbert Hoover	Herbert Hoover
Hercules	Heracles
Hero	Arwr
Herod the Great	Herod Fawr
Herodotus	Herodotus
Herring Gull	Gwylan y Penwaig
Hertfordshire	Swydd Hertford
Hesse	Hessen
Hesse	Categori:Hessen
Heterosexuality	Heterorywioldeb
Hezbollah	Hizballah
Himalayas	Himalaya
Hinduism	Hindŵaeth
Hinduism	Categori:Hindŵaeth
Hippocrates	Hippocrates
Hippopotamus	Afonfarch
Hirohito	Hirohito
Hiroshima	Hiroshima
History	Hanes
History	Categori:Hanes
Ho Chi Minh	Ho Chi Minh
Hobart	Hobart
Hobby	Difyrwaith
Hokusai	Hokusai
Hollywood	Hollywood
Holy Grail	Y Greal Santaidd
Holy Roman Empire	Yr Ymerodraeth Lân Rufeinig
Holy Roman Empire	Categori:Yr Ymerodraeth Lân Rufeinig
Homer	Homeros
Homo (genus)	Homo
Homosexuality	Cyfunrywioldeb
Honduras	Honduras
Honduras	Categori:Honduras
Honey	Mêl
Hong Kong	Hong Kong
Hong Kong	Categori:Hong Kong
Horace	Horas
Horatio Nelson	Horatio Nelson
Horn of Africa	Horn Affrica
Horse	Ceffyl
Horse racing	Rasio ceffylau
House	Tŷ
House Sparrow	Aderyn y To
Hugh Capet	Huw Capet, brenin Ffrainc
Human	Bod dynol
Humanism	Dyneiddiaeth
Humanities	Categori:Dyniaethau
Humor	Categori:Hiwmor
Hundred Years' War	Y Rhyfel Can Mlynedd
Hungary	Hwngari
Hyderabad	Hyderabad
Hydrocarbon	Hydrocarbon
Hydrogen	Hydrogen
Hydrology	Hydroleg
Hymn	Emyn
Hyperbole	Gormodiaith
Hyperion (moon)	Hyperion (lloeren)
Hypertext Transfer Protocol	HTTP
I	I
I. M. Pei	I. M. Pei
Ian Fleming	Ian Fleming
Iapetus (moon)	Iapetws (lloeren)
Ice	Iâ
Ice age	Oes yr Iâ
Ice hockey	Hoci iâ
Iceland	Gwlad yr Iâ
Iceland	Categori:Gwlad yr Iâ
Idaho	Idaho
Idaho	Categori:Idaho
Ideology	Ideoleg
Igneous rock	Craig igneaidd
Igor Stravinsky	Igor Stravinsky
Iguazu Falls	Rhaeadrau Iguazú
Iliad	Iliad
Illinois	Illinois
Illinois	Categori:Illinois
Illyria	Illyria
Imam	Imam
Immanuel Kant	Immanuel Kant
Imperialism	Imperialaeth
Independence	Annibyniaeth
India	India
India	Categori:India
Indian Ocean	Cefnfor India
Indian Ocean	Categori:Cefnfor India
Indiana	Indiana
Indiana	Categori:Indiana
Indira Gandhi	Indira Gandhi
Indonesia	Indonesia
Indonesia	Categori:Indonesia
Indra	Indra
Indus River	Afon Indus
Industrial Revolution	Y Chwyldro Diwydiannol
Industry	Diwydiant
Infinity	Anfeidredd
Influenza	Ffliw
Information	Gwybodaeth
Infrastructure	Isadeiledd
Ingmar Bergman	Ingmar Bergman
Insect	Pryf
Interlingua	Interlingua
International Atomic Energy Agency	Yr Asiantaeth Ynni Atomig Ryngwladol
International Court of Justice	Llys Cyfiawnder Rhyngwladol
International law	Categori:Cyfraith ryngwladol
Internet	Rhyngrwyd
Internet	Categori:Rhyngrwyd
Invertebrate	Infertebrat
Ionia	Ionia
Iota	Iota
Iowa	Iowa
Iowa	Categori:Iowa
Iran	Iran
Iran	Categori:Iran
Iraq	Irac
Ireland	Iwerddon
Irish Sea	Môr Iwerddon
Irish people	Categori:Gwyddelod
Iron	Haearn
Iron Age	Oes yr Haearn
Isaac Bashevis Singer	Isaac Bashevis Singer
Isaac Newton	Isaac Newton
Isis	Isis
Islam	Islam
Islam	Categori:Islam
Islamabad	Islamabad
Island	Ynys
Isle of Man	Ynys Manaw
Isle of Man	Categori:Ynys Manaw
Isle of Wight	Ynys Wyth
Isomer	Isomer
Isotope	Isotop
Israel	Israel
Israel	Categori:Israel
Istanbul	Istanbul
Istanbul	Categori:Istanbul
Italy	Yr Eidal
Italy	Categori:Yr Eidal
Ivan Turgenev	Ivan Turgenev
J	J
J. D. Salinger	J. D. Salinger
Jack Lemmon	Jack Lemmon
Jackdaw	Jac-y-do
Jacques Cartier	Jacques Cartier
Jacques Offenbach	Jacques Offenbach
Jainism	Jainiaeth
Jakarta	Jakarta
Jalalabad	Jalalabad
Jamaica	Jamaica
Jamaica	Categori:Jamaica
James	Iago fab Sebedeus
James A. Garfield	James A. Garfield
James Bond	James Bond
James Buchanan	James Buchanan
James Clerk Maxwell	James Clerk Maxwell
James Cook	James Cook
James Joyce	James Joyce
James K. Polk	James K. Polk
James Madison	James Madison
James Monroe	James Monroe
James Prescott Joule	James Prescott Joule
James Watt	James Watt
Jammu and Kashmir	Jammu a Kashmir
Jan Hus	Jan Hus
Jane Austen	Jane Austen
Jane Fonda	Jane Fonda
Jane Seymour	Jane Seymour
January	Ionawr
January 1	1 Ionawr
January 19	19 Ionawr
January 20	20 Ionawr
January 6	6 Ionawr
Janus (moon)	Ianws (lloeren)
Japan	Japan
Japan	Categori:Japan
Java	Jawa
Jawaharlal Nehru	Jawaharlal Nehru
Jazz	Jazz
Jean Racine	Jean Racine
Jean Sibelius	Jean Sibelius
Jean-Jacques Rousseau	Jean-Jacques Rousseau
Jean-Philippe Rameau	Jean-Philippe Rameau
Jeddah	Jeddah
Jerez de la Frontera	Jerez de la Frontera
Jerome	Sierôm
Jersey	Jersey
Jerusalem	Jeriwsalem
Jerusalem	Categori:Jeriwsalem
Jesus	Iesu
Jew	Iddew
Jihad	Jihad
Jimi Hendrix	Jimi Hendrix
Jimmy Carter	Jimmy Carter
Joan of Arc	Jeanne d’Arc
Johann Sebastian Bach	Johann Sebastian Bach
Johann Wolfgang von Goethe	Johann Wolfgang von Goethe
Johannes Brahms	Johannes Brahms
Johannes Gutenberg	Johann Gutenberg
Johannes Kepler	Johannes Kepler
John Adams	John Adams
John Calvin	Jean Calvin
John Keats	John Keats
John Lennon	John Lennon
John Locke	John Locke
John Major	John Major
John Maynard Keynes	John Maynard Keynes
John Milton	John Milton
John Quincy Adams	John Quincy Adams
John Tyler	John Tyler
John the Baptist	Ioan Fedyddiwr
John von Neumann	John von Neumann
Jonathan Swift	Jonathan Swift
Jordan	Gwlad Iorddonen
Jorge Luis Borges	Jorge Luis Borges
Joseph Conrad	Joseph Conrad
Joseph Haydn	Josef Haydn
Joseph Stalin	Joseff Stalin
Josephus	Josephus
Journalism	Categori:Newyddiaduriaeth
Journalism	Newyddiaduraeth
Jovian	Jovian
Judaism	Iddewiaeth
Judy Garland	Judy Garland
Julian the Apostate	Julian
Julius Caesar	Iŵl Cesar
July	Gorffennaf
July 1	1 Gorffennaf
July 4	4 Gorffennaf
June	Mehefin
June 14	14 Mehefin
June 21	21 Mehefin
June 23	23 Mehefin
June 24	24 Mehefin
June 29	29 Mehefin
June 3	3 Mehefin
Jupiter	Iau (planed)
Jupiter	Categori:Iau
Justinian I	Justinianus I
K	K
K2	K2
Kabul	Kabul
Kansas	Kansas
Kansas	Categori:Kansas
Kappa	Kappa
Karachi	Karachi
Karl Marx	Karl Marx
Karnataka	Karnataka
Katharine Hepburn	Katharine Hepburn
Kathmandu	Kathmandu
Katowice	Katowice
Kazakhstan	Kazakstan
Kazakhstan	Categori:Kazakstan
Kazan	Kazan’
Kent	Caint
Kentucky	Kentucky
Kentucky	Categori:Kentucky
Kenya	Kenya
Kenya	Categori:Kenya
Khartoum	Khartoum
Khufu	Khufu
Kibbutz	Cibwts
Kidney	Aren
Kiev	Kiev
Kilometre	Cilomedr
King (chess)	Teyrn (gwyddbwyll)
King Arthur	Arthur
Kingdom (biology)	Teyrnas (bioleg)
Kingston	Kingston (Jamaica)
Kiribati	Kiribati
Kiribati	Categori:Kiribati
Kiss	Cusan
Kiwi	Kiwi
Knight (chess)	Marchog (gwyddbwyll)
Koala	Coala
Kolkata	Kolkata
Korea	Corea
Korea	Categori:Corea
Korean War	Rhyfel Corea
Kosovo	Kosovo
Kosovo	Categori:Kosovo
Krakatoa	Krakatoa
Krishna	Krishna
Ku Klux Klan	Ku Klux Klan
Kuiper belt	Gwregys Kuiper
Kurdistan	Cyrdistan
Kurt Vonnegut	Kurt Vonnegut
Kurt Waldheim	Kurt Waldheim
Kuwait	Kuwait
Kyoto	Kyoto
Kyrgyzstan	Kyrgyzstan
Kyrgyzstan	Categori:Kyrgyzstan
L	L
La Spezia	La Spezia
Labour Party (UK)	Y Blaid Lafur (DU)
Lactose	Lactos
Lady Jane Grey	Yr Arglwyddes Jane Grey
Laissez-faire	Laissez-faire
Lake	Llyn
Lake Baikal	Llyn Baikal
Lake Constance	Bodensee
Lake Ilmen	Llyn Ilmen
Lake Ladoga	Llyn Ladoga
Lake Onega	Llyn Onega
Lake Tanganyika	Llyn Tanganyika
Lake Victoria	Llyn Victoria
Lambda	Lambda
Lancashire	Swydd Gaerhirfryn
Language	Iaith
Laos	Laos
Laptop	Gliniadur
Las Vegas	Las Vegas
Latin	Lladin
Latin America	America Ladin
Latin alphabet	Yr wyddor Ladin
Latitude	Lledred
Latvia	Latfia
Latvia	Categori:Latfia
Laurasia	Lawrasia
Lausanne	Lausanne
Law	Cyfraith
Law enforcement	Categori:Heddlu
Le Corbusier	Le Corbusier
Lead	Plwm
League of Nations	Cynghrair y Cenhedloedd
Leap year	Blwyddyn naid
Lebanon	Libanus
Lebanon	Categori:Libanus
Leeds	Leeds
Leicester	Caerlŷr
Leiden	Leiden
Leipzig	Leipzig
Lemon	Lemon
Length	Hyd
Leo I (emperor)	Leo I
Leon Trotsky	Leon Trotsky
Leonard Bernstein	Leonard Bernstein
Leonardo da Vinci	Leonardo da Vinci
Lesotho	Lesotho
Lesotho	Categori:Lesotho
Letter (alphabet)	Llythyren
Levant	Lefant
Leviathan	Lefiathan
Leviticus	Llyfr Lefiticus
Lhasa	Lhasa
Liberalism	Categori:Rhyddfrydiaeth
Liberia	Liberia
Library	Llyfrgell
Libreville	Libreville
Libya	Libya
Libya	Categori:Libya
Liechtenstein	Liechtenstein
Liechtenstein	Categori:Liechtenstein
Life	Bywyd
Life	Categori:Bywyd
Light	Goleuni
Light-year	Blwyddyn golau
Lighthouse	Goleudy
Liguria	Liguria
Liliaceae	Alaw (blodyn)
Lilith	Lilith
Lille	Lille
Lima	Lima
Limestone	Calchfaen
Lincolnshire	Swydd Lincoln
Lingua franca	Lingua franca
Linguistics	Ieithyddiaeth
Linguistics	Categori:Ieithyddiaeth
Linux	Linux
Lion	Llew
Lisbon	Lisbon
Lisp (programming language)	Lisp
Literacy	Llythrennedd
Literature	Llenyddiaeth
Literature	Categori:Llenyddiaeth
Lithium	Lithiwm
Lithosphere	Lithosffer
Lithuania	Lithwania
Lithuania	Categori:Lithwania
Little Owl	Tylluan Fach
Liverpool	Lerpwl
Livy	Titus Livius
Lizard	Madfall
Ljubljana	Ljubljana
Loch Ness	Loch Ness
Loire	Loire (département)
Loire River	Afon Loire
Lolita	Lolita
Lombardy	Lombardia
London	Llundain
London	Categori:Llundain
Long jump	Naid hir
Long-eared Owl	Tylluan Gorniog
Lord's Prayer	Gweddi'r Arglwydd
Lorraine (region)	Lorraine
Los Angeles	Los Angeles
Lot (department)	Lot (département)
Louis Aragon	Louis Aragon
Louis Armstrong	Louis Armstrong
Louis Pasteur	Louis Pasteur
Louis the Pious	Louis Dduwiol
Louisiana	Louisiana
Louisiana	Categori:Louisiana
Lower Saxony	Niedersachsen
Luanda	Luanda
Luciano Pavarotti	Luciano Pavarotti
Ludwig Wittgenstein	Ludwig Wittgenstein
Ludwig van Beethoven	Ludwig van Beethoven
Lung	Ysgyfant
Lusaka	Lusaka
Lusitania	Lusitania (talaith)
Luxembourg	Lwcsembwrg
Luxembourg	Categori:Lwcsembwrg
Lydia	Lydia
Lyon	Lyon
M	M
Macau	Macau
Macbeth	Macbeth (drama)
Macedonia	Macedonia
Macedonia (Greece)	Macedonia (Gwlad Groeg)
Machine translation	Peiriant cyfieithu
Madagascar	Madagascar
Madagascar	Categori:Madagascar
Madrid	Madrid
Madrid (autonomous community)	Madrid (cymuned ymreolaethol)
Magazine	Cylchgrawn
Maghreb	Maghreb
Magnesium	Magnesiwm
Magnet	Magned
Magnetic field	Maes magnetig
Magnoliopsida	Categori:Magnoliopsida
Maharashtra	Maharashtra
Mahatma Gandhi	Mahatma Gandhi
Maine	Maine
Maine	Categori:Maine
Maize	Indrawn
Majorca	Mallorca
Malaria	Malaria
Malawi	Categori:Malawi
Malaysia	Malaysia
Malcolm X	Malcolm X
Maldives	Maldives
Maldives	Categori:Maldives
Mali	Mali
Mali	Categori:Mali
Mallard	Hwyaden Wyllt
Malta	Malta
Malta	Categori:Malta
Maltese language	Malteg
Mammal	Mamal
Mammoth	Mamoth
Manatee	Morfuwch
Manchester	Manceinion
Manganese	Manganîs
Manipur	Manipur
Manitoba	Manitoba
Mantle (geology)	Mantell
Manuscript	Llawysgrif
Mao Zedong	Mao Zedong
Maoism	Maoaeth
Map	Map
Marble	Marmor
Marcel Marceau	Marcel Marceau
Marcel Proust	Marcel Proust
March	Mawrth (mis)
March 17	17 Mawrth
March 19	19 Mawrth
March 2	2 Mawrth
March 25	25 Mawrth
Marco Polo	Marco Polo
Marcus Aurelius	Marcus Aurelius
Marcus Junius Brutus	Marcus Junius Brutus
Marcus Vipsanius Agrippa	Marcus Vipsanius Agrippa
Margaret Thatcher	Margaret Thatcher
Maria Callas	Maria Callas
Marie Curie	Marie Curie
Marilyn Monroe	Marilyn Monroe
Mark Antony	Marcus Antonius
Mark Twain	Mark Twain
Marketing	Marchnata
Marketing	Categori:Marchnata
Marlene Dietrich	Marlene Dietrich
Mars	Categori:Mawrth
Marseille	Marseille
Marshall Islands	Ynysoedd Marshall
Marshall Islands	Categori:Ynysoedd Marshall
Martin Luther	Martin Luther
Martin Luther King	Martin Luther King
Martin Van Buren	Martin Van Buren
Marx Brothers	Brodyr Marx
Marxism	Marcsiaeth
Marxism	Categori:Marcsiaeth
Mary (mother of Jesus)	Y Forwyn Fair
Maryland	Maryland
Maryland	Categori:Maryland
Mass	Màs
Mass number	Rhif màs
Massachusetts	Massachusetts
Massachusetts	Categori:Massachusetts
Masturbation	Hunan leddfu
Mathematics	Mathemateg
Mathematics	Categori:Mathemateg
Matter	Mater
Mauna Kea	Mauna Kea
Mauna Loa	Mauna Loa
Maurice Ravel	Maurice Ravel
Mauritania	Mauritania
Mauritius	Mauritius
Mauritius	Categori:Mauritius
Max Bruch	Max Bruch
Max Ernst	Max Ernst
Max Weber	Max Weber
May	Mai
May 1	1 Mai
May 24	24 Mai
Mayenne	Mayenne
Mead	Medd
Meat	Cig
Mecca	Mecca
Medicine	Categori:Meddygaeth
Medina	Medina
Mediterranean Sea	Y Môr Canoldir
Mekong	Afon Mekong
Mel Gibson	Mel Gibson
Mentha	Mintys
Mercury (element)	Mercwri
Mercury (planet)	Mercher (planed)
Mesopotamia	Mesopotamia
Metal	Metel
Metallurgy	Categori:Meteleg
Metaphor	Trosiad
Metaphysics	Categori:Metaffiseg
Meteorology	Categori:Meteoroleg
Meteorology	Meteoroleg
Metre	Metr
Metric space	Gofod metrig
Meuse	Meuse
Meuse River	Afon Meuse
Mexico	Mexico
Mexico	Categori:Mexico
Mexico City	Dinas Mexico
Michael (archangel)	Mihangel
Michael Faraday	Michael Faraday
Michelangelo	Michelangelo
Michigan	Michigan
Michigan	Categori:Michigan
Mickey Mouse	Mickey Mouse
Microeconomics	Categori:Micro-economeg
Microscope	Meicrosgôp
Middle Ages	Yr Oesoedd Canol
Middle Ages	Categori:Yr Oesoedd Canol
Middle East	Y Dwyrain Canol
Middle East	Categori:Y Dwyrain Canol
Miguel de Cervantes	Miguel de Cervantes
Milan	Milan
Milk	Llaeth
Millard Fillmore	Millard Fillmore
Millennium	Mileniwm
Minaret	Minaret
Mineral	Mwyn
Ming Dynasty	Brenhinllin Ming
Mining	Mwynglawdd
Minnesota	Minnesota
Minnesota	Categori:Minnesota
Minsk	Minsk
Mishnah	Mishnah
Mississippi	Categori:Mississippi
Mississippi River	Afon Mississippi
Missouri	Missouri
Missouri	Categori:Missouri
Missouri River	Afon Missouri
Mitochondrion	Mitocondria
Mold	Llwydni
Moldova	Moldofa
Moldova	Categori:Moldofa
Molecular biology	Categori:Bioleg foleciwlaidd
Molecule	Moleciwl
Mollusca	Molwsg
Monaco	Monaco
Monarchy	Brenhiniaeth
Monarchy	Categori:Brenhiniaeth
Monday	Dydd Llun
Money	Arian (economeg)
Mongolia	Mongolia
Mongolia	Categori:Mongolia
Monocotyledon	Monocotyledon
Monopoly (game)	Monopoly
Monotheism	Undduwiaeth
Mont Blanc	Mont Blanc
Montana	Montana
Montana	Categori:Montana
Montenegro	Montenegro
Montenegro	Categori:Montenegro
Montevideo	Montevideo
Montreal	Montreal
Montserrat	Montserrat
Moon	Lleuad
Morality	Moesoldeb
Moravia	Morafia
Morocco	Moroco
Morocco	Categori:Moroco
Morpheme	Morffem
Morphology	Morffoleg (gwahaniaethu)
Morphology (linguistics)	Morffoleg (iaith)
Moscow	Moscfa
Moselle	Moselle
Moses	Moses
Mosque	Mosg
Moss	Mwsogl
Mosul	Mosul
Mother Teresa	Y Fam Teresa
Mount Ararat	Mynydd Ararat
Mount Etna	Etna
Mount Everest	Mynydd Everest
Mount Fuji	Mynydd Fuji
Mount Kilimanjaro	Kilimanjaro
Mount St. Helens	Mynydd St. Helens
Mount Vesuvius	Mynydd Vesuvius
Mountain	Mynydd
Mozambique	Mosambic
Mozambique	Categori:Mosambic
Mu (letter)	Mu (llythyren)
Muhammad	Muhammad
Mumbai	Mumbai
Munich	München
Muscat	Muscat
Muscle	Cyhyr
Museum	Amgueddfa
Music	Cerddoriaeth
Music	Categori:Cerddoriaeth
Musical instrument	Offeryn cerdd
Musician	Cerddor
Mute Swan	Alarch Dof
Myanmar	Categori:Myanmar
Mythology	Mytholeg
Mythology	Categori:Mytholeg
N	N
NATO	Sefydliad Cytundeb Gogledd yr Iwerydd
Nairobi	Nairobi
Namibia	Namibia
Nancy	Nancy
Nanga Parbat	Nanga Parbat
Nanotechnology	Nanogwyddoniaeth
Nantes	Naoned
Naples	Napoli
Nation	Cenedl
National anthem	Anthem genedlaethol
National park	Parc Cenedlaethol
Nationalism	Cenedlaetholdeb
Nationalism	Categori:Cenedlaetholdeb
Natural gas	Nwy naturiol
Natural number	Rhif naturiol
Natural science	Gwyddoniaeth naturiol
Natural selection	Detholiad naturiol
Nature	Natur
Nature	Categori:Natur
Nauru	Nauru
Nauru	Categori:Nauru
Nazi Germany	Yr Almaen Natsïaidd
Nazi Germany	Categori:Yr Almaen Natsïaidd
Neanderthal	Dyn Neanderthal
Nebraska	Nebraska
Nebraska	Categori:Nebraska
Nebuchadrezzar II	Nebuchodnesar
Neckar	Afon Neckar
Nefertiti	Nefertiti
Neil Armstrong	Neil Armstrong
Nelson Mandela	Nelson Mandela
Nematode	Llyngyren gron
Neon	Neon
Nepal	Nepal
Neptune	Neifion (planed)
Nereid (moon)	Nereid (lloeren)
Nero	Nero
Nerva	Nerva
Netherlands	Yr Iseldiroedd
Netherlands	Categori:Yr Iseldiroedd
Neurology	Categori:Niwroleg
Neutron	Niwtron
Neva River	Afon Neva
Nevada	Nevada
Nevada	Categori:Nevada
New Brunswick	New Brunswick
New Caledonia	Caledonia Newydd
New Delhi	Delhi Newydd
New England	Lloegr Newydd
New Hampshire	New Hampshire
New Jersey	New Jersey
New Jersey	Categori:New Jersey
New Mexico	New Mexico
New Mexico	Categori:New Mexico
New South Wales	De Cymru Newydd
New Testament	Y Testament Newydd
New York	Efrog Newydd (talaith)
New York	Categori:Efrog Newydd (talaith)
New York (disambiguation)	Efrog Newydd
New York City	Dinas Efrog Newydd
New York City	Categori:Dinas Efrog Newydd
New York Stock Exchange	Cyfnewidfa Stoc Efrog Newydd
New Zealand	Seland Newydd
New Zealand	Categori:Seland Newydd
Newfoundland and Labrador	Newfoundland a Labrador
Newport	Casnewydd
Niagara Falls	Rhaeadr Niagara
Niamey	Niamey
Nicaragua	Nicaragua
Nicaragua	Categori:Nicaragua
Nice	Nice
Nicolaus Copernicus	Nicolaus Copernicus
Niels Bohr	Niels Bohr
Niger	Niger
Niger River	Afon Niger
Nigeria	Nigeria
Night	Nos
Nijmegen	Nijmegen
Nikola Tesla	Nikola Tesla
Nile	Afon Nîl
Nitrogen	Nitrogen
Nix (moon)	Nix (lloeren)
Noam Chomsky	Noam Chomsky
Nobel Prize	Gwobr Nobel
Noble gas	Nwyon nobl
Nonmetal	Anfetel
Norfolk	Norfolk
Norfolk Island	Ynys Norfolk
Normal distribution	Dosraniad normal
Norman Mailer	Norman Mailer
North Africa	Gogledd Affrica
North America	Gogledd America
North America	Categori:Gogledd America
North Carolina	Gogledd Carolina
North Carolina	Categori:Gogledd Carolina
North Dakota	Gogledd Dakota
North Dakota	Categori:Gogledd Dakota
North Korea	Gogledd Corea
North Pole	Pegwn y Gogledd
North Sea	Môr y Gogledd
North Yorkshire	Swydd Gogledd Efrog
Northern Europe	Gogledd Ewrop
Northern Ireland	Gogledd Iwerddon
Northern Territory	Tiriogaeth y Gogledd
Northern pike	Penhwyad
Northwest Territories	Tiriogaethau'r Gogledd-orllewin
Norway	Norwy
Norway	Categori:Norwy
Nose	Trwyn
Nouakchott	Nouakchott
Noun	Enw
Nova Scotia	Nova Scotia
Novaya Zemlya	Novaya Zemlya
Novel	Nofel
November	Tachwedd
November 1	1 Tachwedd
November 11	11 Tachwedd
November 2	2 Tachwedd
November 5	5 Tachwedd
Novial	Novial
Novosibirsk	Novosibirsk
Nu (letter)	Nu (llythyren)
Nuclear power	Ynni niwclear
Nuclear weapon	Arf niwclear
Numbers	Categori:Rhifau
Numidia	Numidia
Nunavut	Nunavut
Nut (fruit)	Cneuen
Nyx (mythology)	Nyx
O	O
Oak	Derwen
Oasis	Gwerddon
Oat	Ceirch
Oaxaca	Oaxaca
Ocean	Cefnfor
Oceania	Oceania
Oceania	Categori:Oceania
October	Hydref
October 12	12 Hydref
October 24	24 Hydref
Odessa	Odessa
Odyssey	Odysseia
Ohio	Ohio
Ohio	Categori:Ohio
Oil	Olew
Oil (disambiguation)	Olew
Okapi	Ocapi
Oklahoma	Oklahoma
Oklahoma	Categori:Oklahoma
Old Church Slavonic	Hen Slafoneg Eglwysig
Old Testament	Yr Hen Destament
Oligarchy	Oligarchiaeth
Oligopoly	Oligopoli
Olive	Olewydden
Oliver Cromwell	Oliver Cromwell
Olympic Games	Gemau Olympaidd Modern
Olympics	Categori:Gemau Olympaidd
Omaha	Omaha, Nebraska
Oman	Oman
Oman	Categori:Oman
Omega	Omega
Omicron	Omicron
Ontario	Ontario
Ontario	Categori:Ontario
Oort cloud	Cwmwl Oort
Opera	Opera
Opium	Opiwm
Optics	Opteg
Orange (fruit)	Oren (ffrwyth)
Order (biology)	Urdd (bioleg)
Order of Saint Benedict	Urdd Sant Bened
Ordovician	Ordofigaidd
Oregon	Oregon
Oregon	Categori:Oregon
Organ (anatomy)	Organ (anatomeg)
Organ (music)	Organ (offeryn cerdd)
Organic chemistry	Categori:Cemeg organig
Orgasm	Orgasm
Orissa	Orissa
Orthography	Orgraff
Osaka	Osaka
Osama bin Laden	Osama bin Laden
Oscar Wilde	Oscar Wilde
Oslo	Oslo
Osprey	Gwalch y Pysgod
Osteichthyes	Pysgodyn esgyrnog
Othello	Othello
Otho	Otho
Ottawa	Ottawa
Otto von Bismarck	Otto von Bismarck
Ottoman Empire	Ymerodraeth yr Otomaniaid
Ottoman Empire	Categori:Ymerodraeth yr Otomaniaid
Ovary	Ofari
Ovid	Ofydd
Oviedo	Oviedo
Owl	Tylluan
Oxford	Rhydychen
Oxygen	Ocsigen
Ozone	Osôn
Ozone layer	Haen osôn
P	P
PH	PH
Pablo Picasso	Pablo Picasso
Pacific Ocean	Y Cefnfor Tawel
Pacific Ocean	Categori:Y Cefnfor Tawel
Pacifism	Heddychaeth
Padua	Padua
Paganism	Paganiaeth
Pakistan	Pakistan
Pakistan	Categori:Pakistan
Palau	Palau
Palau	Categori:Palau
Paleolithic	Hen Oes y Cerrig
Paleontology	Paleontoleg
Palermo	Palermo
Palestine	Palesteina
Palm Sunday	Sul y Blodau
Palmyra	Palmyra
Pan (mythology)	Pan (duw)
Panama	Panama
Panama	Categori:Panama
Panama Canal	Camlas Panama
Panama City	Dinas Panama
Pandemic	Pandemig
Pangaea	Pangaea
Pantheism	Pantheistiaeth
Pantheon	Pantheon
Papua New Guinea	Papua Guinea Newydd
Papua New Guinea	Categori:Papua Guinea Newydd
Paraguay	Paraguay
Paraguay	Categori:Paraguay
Paramaribo	Paramaribo
Paraphilia	Paraffilia
Paris	Paris
Paris	Categori:Paris
Parliament	Senedd
Parody	Parodi
Parthenon	Parthenon
Parthia	Parthia
Parvati	Parvati
Passerine	Passeriformes
Patagonia	Patagonia
Patrick White	Patrick White
Patriotism	Gwladgarwch
Paul McCartney	Paul McCartney
Paul Newman	Paul Newman
Paul Verlaine	Paul Verlaine
Paul the Apostle	Yr Apostol Paul
Pawn (chess)	Gwerinwr (gwyddbwyll)
Peace	Heddwch
Pear	Gellygen
Peat	Mawn
Pencil	Pensil
Penguin	Pengwin
Pennsylvania	Pennsylvania
Pennsylvania	Categori:Pennsylvania
People	Categori:Pobl
People's Republic of China	Gweriniaeth Pobl China
Pepin the Short	Pepin Fychan
Pepsi	Pepsi
Percy Bysshe Shelley	Percy Bysshe Shelley
Peregrine Falcon	Hebog Tramor
Periodic table	Tabl Cyfnodol
Permian	Permaidd
Perseus	Perseus (mytholeg)
Perseus (constellation)	Perseus (cytser)
Persian Empire	Ymerodraeth Persia
Persian Gulf	Gwlff Persia
Personal digital assistant	Cledrydd
Perth	Perth (Awstralia)
Peru	Periw
Peru	Categori:Periw
Peter Paul Rubens	Peter Paul Rubens
Petroleum	Petroliwm
Phi (letter)	Phi (llythyren)
Philadelphia	Philadelphia
Philately	Categori:Ffilateliaeth
Philip II of Spain	Felipe II, brenin Sbaen
Philippines	Pilipinas
Philology	Ieitheg
Philosophy	Athroniaeth
Philosophy	Categori:Athroniaeth
Phnom Penh	Phnom Penh
Phobos (moon)	Phobos (lloeren)
Phoenicia	Ffenicia
Phonetics	Seineg
Phonology	Ffonoleg
Phosphorus	Ffosfforws
Photography	Ffotograffiaeth
Photography	Categori:Ffotograffiaeth
Photosynthesis	Ffotosynthesis
Phylum	Ffylwm
Physics	Ffiseg
Physics	Categori:Ffiseg
Pi	Pi
Pi (letter)	Pi (llythyren)
Piano	Piano
Picardie	Picardie
Piedmont	Piemonte
Pinniped	Morlo
Piracy	Môr-ladrad
Planet	Planed
Plankton	Plancton
Plant	Planhigyn
Plastic	Plastig
Plate tectonics	Tectoneg platiau
Platinum	Platinwm
Plato	Platon
Pliny the Elder	Plinius yr Hynaf
Pliny the Younger	Plinius yr Ieuengaf
Plovdiv	Plovdiv
Pluto	Plwton (planed gorrach)
Pluto (disambiguation)	Plwton
Plutonium	Plwtoniwm
Plymouth	Plymouth
Po River	Afon Po
Poetry	Barddoniaeth
Poetry	Categori:Barddoniaeth
Poitiers	Poitiers
Poland	Gwlad Pwyl
Poland	Categori:Gwlad Pwyl
Polar bear	Arth wen
Police	Heddlu
Poliomyelitis	Poliomyelitis
Political party	Plaid wleidyddol
Political science	Gwyddor gwleidyddiaeth
Political science	Categori:Gwyddor gwleidyddiaeth
Politician	Gwleidydd
Politics	Gwleidyddiaeth
Politics	Categori:Gwleidyddiaeth
Pollution	Llygredd
Polonium	Poloniwm
Polynesia	Polynesia
Polynomial	Polynomial
Polytheism	Amldduwiaeth
Pomegranate	Grawnafal
Pompeii	Pompeii
Pompey	Gnaeus Pompeius Magnus
Pontius Pilate	Pontius Pilat
Pop music	Cerddoriaeth boblogaidd
Pope	Pab
Population	Poblogaeth
Porcelain	Porslen
Portland	Portland (Oregon)
Portland	Portland
Portugal	Portiwgal
Portugal	Categori:Portiwgal
Potassium	Potasiwm
Potato	Taten
Pound sterling	Punt sterling
Poverty	Tlodi
Prague	Prag
Prehistory	Categori:Cynhanes
President	Arlywydd
President of the United States	Arlywydd Unol Daleithiau America
Price	Pris
Priest	Offeiriad
Prime number	Rhif cysefin
Prince Edward Island	Prince Edward Island
Prince of Wales	Tywysog Cymru
Printing	Argraffu
Prison	Carchar
Profit	Elw
Propaganda	Propaganda
Prose	Rhyddiaith
Protestant Reformation	Y Diwygiad Protestannaidd
Protestantism	Protestaniaeth
Protist	Protist
Proton	Proton
Pseudoscience	Categori:Ffugwyddoniaeth
Pseudoscience	Ffugwyddoniaeth
Psi (letter)	Psi (llythyren)
Psychology	Seicoleg
Psychology	Categori:Seicoleg
Ptolemaic dynasty	Brenhinllin y Ptolemïaid
Ptolemy	Ptolemi
Puberty	Glasoed
Puerto Rico	Puerto Rico
Puerto Rico	Categori:Puerto Rico
Punk	Categori:Cerddoriaeth punk
Pyongyang	P'yŏngyang
Pyramid	Pyramid
Pyrenees	Pyreneau
Pythagoras	Pythagoras
Q	Q
Qatar	Qatar
Qatar	Categori:Qatar
Qin Dynasty	Brenhinllin y Qin
Qing Dynasty	Brenhinllin Qing
Quadratic equation	Hafaliad cwadratig
Quebec	Québec (talaith)
Quebec City	Québec (dinas)
Quechua	Quechua
Queen (chess)	Brenhines (gwyddbwyll)
Queensland	Queensland
Quito	Quito
R	R
Rabat	Rabat (Moroco)
Rabindranath Tagore	Rabindranath Tagore
Racism	Hiliaeth
Radio	Categori:Radio
Rain	Glaw
Ramayana	Ramayana
Ramesses II	Ramesses II
Rapeseed	Rêp
Raphael	Raffaello Sanzio
Ravenna	Ravenna
Rawalpindi	Rawalpindi
Ray Bradbury	Ray Bradbury
Red	Coch
Red Panda	Panda Coch
Red Sea	Y Môr Coch
Referendum	Refferendwm
Reggae	Reggae
Region	Rhanbarth
Reims	Reims
Religion	Crefydd
Religious Society of Friends	Crynwyr
Rembrandt	Rembrandt
Renaissance	Dadeni Dysg
Reptile	Ymlusgiad
Republic	Gweriniaeth
Republic of China	Gweriniaeth Tsieina
Republic of Ireland	Gweriniaeth Iwerddon
Republic of Ireland	Categori:Gweriniaeth Iwerddon
Republic of the Congo	Gweriniaeth y Congo
Republican Party (United States)	Plaid Weriniaethol (Unol Daleithiau)
Respiratory system	System resbiradol
Rhea (moon)	Rhea (lloeren)
Rhine	Afon Rhein
Rho (letter)	Rho (llythyren)
Rhode Island	Rhode Island
Rhodes	Rhodes
Rhyme	Odl
Rhythm and blues	Rhythm a blŵs
Ribosome	Ribosom
Rice	Reis
Richard Feynman	Richard Feynman
Richard Nixon	Richard Nixon
Richard Wagner	Richard Wagner
Riga	Riga
Rio de Janeiro	Rio de Janeiro
River	Afon
River Thames	Afon Tafwys
Riyadh	Riyadh
Road	Ffordd
Roald Amundsen	Roald Amundsen
Robert Boyle	Robert Boyle
Robert Burns	Robert Burns
Robert Louis Stevenson	Robert Louis Stevenson
Robert Owen	Robert Owen
Robert Schumann	Robert Schumann
Rock (geology)	Carreg
Rock music	Cerddoriaeth roc
Rock music	Categori:Cerddoriaeth roc
Rocky Mountains	Rockies
Roman Catholic Church	Yr Eglwys Gatholig Rufeinig
Roman Empire	Yr Ymerodraeth Rufeinig
Roman Republic	Gweriniaeth Rhufain
Roman legion	Lleng Rufeinig
Roman mythology	Mytholeg Rufeinig
Romania	Rwmania
Romania	Categori:Rwmania
Romansh	Romaunsch
Rome	Rhufain
Rome	Categori:Rhufain
Ronald Reagan	Ronald Reagan
Rook (bird)	Ydfran
Rook (chess)	Castell (gwyddbwyll)
Rosa Parks	Rosa Parks
Rosary	Llaswyr
Rosetta Stone	Carreg Rosetta
Rotterdam	Rotterdam
Royal Air Force	Yr Awyrlu Brenhinol
Royal Society	Y Gymdeithas Frenhinol
Rubicon	Afon Rubicon
Rubidium	Rwbidiwm
Rudyard Kipling	Rudyard Kipling
Rupert Murdoch	Rupert Murdoch
Russia	Ffederasiwn Rwsia
Russian Revolution (1917)	Chwyldro Rwsia
Rutherford B. Hayes	Rutherford B. Hayes
Rwanda	Rwanda
Rwanda	Categori:Rwanda
Rye	Rhyg
S	S
Saddam Hussein	Saddam Hussein
Sahara	Sahara
Saint	Sant
Saint Kitts and Nevis	Saint Kitts a Nevis
Saint Kitts and Nevis	Categori:Saint Kitts a Nevis
Saint Lucia	Saint Lucia
Saint Lucia	Categori:Saint Lucia
Saint Patrick	Sant Padrig
Saint Peter	Sant Pedr
Saint Petersburg	St Petersburg
Saint Vincent and the Grenadines	Saint Vincent a'r Grenadines
Saint Vincent and the Grenadines	Categori:Saint Vincent a'r Grenadines
Saladin	Saladin
Salman Rushdie	Salman Rushdie
Salvador	Salvador, Brasil
Samoa	Samoa
Samoa	Categori:Samoa
Samuel Beckett	Samuel Beckett
San Francisco	San Francisco
San Juan	San Juan (Puerto Rico)
San Marino	San Marino
San Marino	Categori:San Marino
Sand	Tywod
Sandro Botticelli	Sandro Botticelli
Sandstone	Tywodfaen
Sanskrit	Sansgrit
Santa Fe	Santa Fe
Santiago	Santiago de Chile
Santiago	Santiago (gwahaniaethu)
Sappho	Sappho
Sarah Bernhardt	Sarah Bernhardt
Sarajevo	Sarajevo
Sardine	Sardîn
Sardinia	Sardinia
Saskatchewan	Saskatchewan
Satellite	Lloeren
Satire	Dychan
Saturday	Dydd Sadwrn
Saturn	Sadwrn (planed)
Saturn	Categori:Sadwrn
Saturn (mythology)	Sadwrn (duw)
Saudi Arabia	Saudi Arabia
Saudi Arabia	Categori:Saudi Arabia
Scandinavia	Llychlyn
Scheldt	Afon Schelde
School	Ysgol (addysg)
Schutzstaffel	Schutzstaffel
Science	Gwyddoniaeth
Science	Categori:Gwyddoniaeth
Science fiction	Ffuglen wyddonol
Scipio Africanus	Scipio Africanus
Sciuridae	Gwiwer
Scotland	Yr Alban
Scotland	Categori:Yr Alban
Scottish Gaelic	Gaeleg yr Alban
Scrabble	Scrabble
Sculpture	Cerfluniaeth
Sculpture	Categori:Cerfluniaeth
Sea	Môr
Sea of Japan	Môr Japan
Segovia	Segovia
Seine	Afon Seine
Seismology	Seismoleg
Seismology	Categori:Seismoleg
Selenium	Seleniwm
Semantics	Categori:Semanteg
Semen	Semen
Senegal	Sénégal
Seoul	Seoul
September	Medi
September 11	11 Medi
September 11	Ymosodiadau 11 Medi 2001
September 17	17 Medi
September 29	29 Medi
Serbia	Serbia
Serbia	Categori:Serbia
Serbia and Montenegro	Serbia a Montenegro
Serfdom	Taeog
Seven Years' War	Y Rhyfel Saith Mlynedd
Seville	Sevilla
Sex	Rhyw
Sex organ	System atgenhedlol
Sexual intercourse	Cyfathrach rywiol
Seychelles	Seychelles
Seychelles	Categori:Seychelles
Shah	Shah
Shamanism	Siamanaeth
Shanghai	Shanghai
Shark	Morgi
Sheffield	Sheffield
Shetland	Shetland
Shinto	Shintō
Ship	Llong
Shiva	Shiva
Siberia	Siberia
Sicily	Sicilia
Sierra Leone	Sierra Leone
Sierra Leone	Categori:Sierra Leone
Sigmund Freud	Sigmund Freud
Sigrid Undset	Sigrid Undset
Sikhism	Siciaeth
Sikkim	Sikkim
Silicon	Silicon
Silurian	Silwraidd
Silver	Arian (elfen)
Simone de Beauvoir	Simone de Beauvoir
Sinai Peninsula	Sinai
Singapore	Singapore
Singapore	Categori:Singapore
Sitting Bull	Tatanka Lyotake
Six-Day War	Rhyfel Chwe Diwrnod
Skin	Croen
Skopje	Skopje
Skull	Penglog
Slavery	Caethwasiaeth
Sleep	Cwsg
Slovakia	Slofacia
Slovenia	Slofenia
Snake	Neidr
Snooker	Snwcer
Snow	Eira
Socialism	Sosialaeth
Socialism	Categori:Sosialaeth
Society	Cymdeithas
Sociology	Cymdeithaseg
Sociology	Categori:Cymdeithaseg
Socrates	Socrates
Sodium	Sodiwm
Sodium chloride	Halen
Sofia	Sofia
Software	Categori:Meddalwedd
Soil	Pridd
Solanaceae	Categori:Solanaceae
Solar System	Cysawd yr Haul
Solar System	Categori:Cysawd yr Haul
Solar energy	Egni solar
Solomon Islands	Ynysoedd Solomon
Solomon Islands	Categori:Ynysoedd Solomon
Somalia	Somalia
Somalia	Categori:Somalia
Somerset	Gwlad yr Haf
Somme	Somme (département)
Song of Solomon	Caniad Solomon
Sonnet	Soned
Sophocles	Soffocles
Sorghum	Sorghwm
Soul	Enaid
Sound	Sain
South Africa	Categori:De Affrica
South America	De America
South America	Categori:De America
South Australia	De Awstralia
South Carolina	De Carolina
South Carolina	Categori:De Carolina
South Dakota	De Dakota
South Dakota	Categori:De Dakota
South Korea	De Corea
South Korea	Categori:De Corea
South Pole	Pegwn y De
Soviet Union	Yr Undeb Sofietaidd
Spain	Sbaen
Spain	Categori:Sbaen
Spanish Civil War	Rhyfel Cartref Sbaen
Spanish people	Categori:Sbaenwyr
Sparta	Sparta
Species	Rhywogaeth
Speed	Buanedd
Spice	Sbeis
Spider	Corryn
Sponge	Sbwng
Sport	Chwaraeon
Spring (season)	Gwanwyn
Square (geometry)	Sgwâr
Squirrel	Gwiwer
Sri Lanka	Sri Lanka
Sri Lanka	Categori:Sri Lanka
Stanley Kubrick	Stanley Kubrick
Star	Seren
State	Gwladwriaeth
Statistics	Ystadegaeth
Statue of Liberty	Cerflun Rhyddid
Stavanger	Stavanger
Steam engine	Peiriant ager
Steel	Dur
Stephen Hawking	Stephen Hawking
Steven Spielberg	Steven Spielberg
Stockholm	Stockholm
Stone Age	Oes y Cerrig
Stonehenge	Côr y Cewri
Strait	Culfor
Strait of Gibraltar	Culfor Gibraltar
Strait of Hormuz	Culfor Hormuz
Strait of Magellan	Culfor Magellan
Strait of Messina	Culfor Messina
Straits	Categori:Culforoedd
Strasbourg	Strasbourg
Strontium	Strontiwm
Stub	Nodyn:Stwbyn
Stupa	Stupa
Submarine	Llong danfor
Sudan	Swdan
Sudan	Categori:Sudan
Sudoku	Swdocw
Suez Canal	Camlas Suez
Sugar	Siwgr
Suharto	Suharto
Sukarno	Achmed Sukarno
Sulawesi	Sulawesi
Sulfur	Sylffwr
Sulfur dioxide	Sylffwr deuocsid
Sumatra	Sumatera
Summer	Haf
Sun	Haul
Sun	Categori:Yr Haul
Sunday	Dydd Sul
Sura	Sŵra
Surgery	Categori:Llawfeddygaeth
Suriname	Suriname
Suriname	Categori:Suriname
Surrealism	Swrealistiaeth
Surrey	Surrey
Swan	Alarch
Swaziland	Gwlad Swazi
Swaziland	Categori:Gwlad Swazi
Sweden	Sweden
Swimming	Nofio
Swiss people	Categori:Swisiaid
Switzerland	Y Swistir
Switzerland	Categori:Y Swistir
Sword	Cleddyf
Sydney	Sydney
Syllable	Sillaf
Sylvia Plath	Sylvia Plath
Symphony	Symffoni
Synonym	Cyfystyr
Syntax	Cystrawen
Syracuse	Siracusa
Syria	Syria
Syria	Categori:Syria
T	T
T. E. Lawrence	Lawrence o Arabia
T. S. Eliot	T. S. Eliot
Tacitus	Tacitus
Tagus	Afon Tagus
Tail	Cynffon
Taiwan	Taiwan
Taj Mahal	Taj Mahal
Tajikistan	Tajikistan
Tajikistan	Categori:Tajikistan
Taliban	Y Taleban
Tamil Nadu	Tamil Nadu
Tang Dynasty	Brenhinllin y Tang
Tanzania	Tanzania
Tanzania	Categori:Tanzania
Taoism	Taoaeth
Tarn	Tarn
Tasman Sea	Môr Tasman
Tasmania	Tasmania
Tau	Tau
Tawny Owl	Tylluan Frech
Tax	Treth
Taxon	Tacson
Tea	Te
Technology	Technoleg
Technology	Categori:Technoleg
Tegucigalpa	Tegucigalpa
Tehran	Tehran
Tel Aviv	Tel Aviv
Television	Teledu
Television	Categori:Teledu
Temple	Teml
Temple of Artemis	Teml Artemis (Effesus)
Tennessee	Tennessee
Tennessee	Categori:Tennessee
Tennis	Tenis
Tennis	Categori:Tenis
Tenzing Norgay	Tenzing Norgay
Terrorism	Terfysgaeth
Terrorism	Categori:Terfysgaeth
Testicle	Caill
Tetanus	Tetanws
Tethys (moon)	Tethys (lloeren)
Tetrahydrocannabinol	Tetrahydrocannabinol
Texas	Texas
Texas	Categori:Texas
Thailand	Gwlad Thai
The Gambia	Y Gambia
The Hague	Den Haag
Theatre	Categori:Theatr
Thebes	Thebai
Themistocles	Themistocles
Theocracy	Theocrataeth
Theodore Roosevelt	Theodore Roosevelt
Theodosius I	Theodosius I
Theology	Diwinyddiaeth
Theology	Categori:Diwinyddiaeth
Thermodynamics	Thermodynameg
Thessaloniki	Thessaloníci
Theta	Theta
Third Crusade	Y Drydedd Groesgad
Thirty Years' War	Rhyfel Deng Mlynedd ar Hugain
Thomas Aquinas	Thomas Aquinas
Thomas Edison	Thomas Edison
Thomas Hardy	Thomas Hardy
Thomas Hobbes	Thomas Hobbes
Thomas Jefferson	Thomas Jefferson
Thomas Malthus	Thomas Malthus
Thomas More	Thomas More
Thomas Paine	Thomas Paine
Thrace	Thrace
Thursday	Dydd Iau
Tiber	Afon Tiber
Tiberius	Tiberius
Tibet	Tibet
Tibet	Categori:Tibet
Tide	Llanw
Tierra del Fuego	Tierra del Fuego
Tiger	Teigr
Tigris	Afon Tigris
Timbuktu	Tombouctou
Time	Amser
Time	Categori:Amser
Time zone	Cylchfa amser
Timor	Timor
Tin	Tun
Tirana	Tiranë
Tit (bird)	Titw
Titan (disambiguation)	Titan
Titan (moon)	Titan (lloeren)
Titania (moon)	Titania (lloeren)
Titus	Titus
Tivoli	Tivoli
Tobacco	Tybaco
Togo	Togo
Tokyo	Tokyo
Toledo	Toledo
Tom Hanks	Tom Hanks
Tomato	Tomato
Tonga	Tonga
Tonga	Categori:Tonga
Tongue	Tafod
Tony Blair	Tony Blair
Tooth	Dant
Toronto	Toronto
Tortoise	Crwban
Toulouse	Toulouse
Tour de France	Tour de France
Tourism	Twristiaeth
Tower	Tŵr
Town	Tref
Toy	Tegan
Train	Trên
Trajan	Trajan
Transportation	Categori:Cludiant
Treaty of Versailles	Cytundeb Versailles
Tree	Coeden
Triangle	Triongl
Triangulum	Triangulum (cytser)
Trigonometry	Trigonometreg
Trigonometry	Categori:Trigonometreg
Trinidad and Tobago	Trinidad a Tobago
Trinidad and Tobago	Categori:Trinidad a Tobago
Tripoli	Tripoli
Triton (moon)	Triton (lloeren)
Troll	Trol
Trondheim	Trondheim
Tropics	Trofannau
Tsunami	Tsunami
Tuesday	Dydd Mawrth
Tulip	Tiwlip
Tungsten	Twngsten
Tunis	Tunis
Tunisia	Tunisia
Tunisia	Categori:Tunisia
Turin	Torino
Turkey	Twrci
Turkey	Categori:Twrci
Turkmenistan	Turkmenistan
Turtle	Crwban
Tuscany	Toscana
Tuvalu	Twfalw
Tycho Brahe	Tycho Brahe
Tyre	Tyrus
U	U
UNESCO	UNESCO
Uganda	Wganda
Uganda	Categori:Uganda
Ukraine	Wcráin
Ukraine	Categori:Wcráin
Ulan Bator	Ulan Bator
Ulster	Ulster
Ulysses S. Grant	Ulysses S. Grant
Uniform Resource Locator	URL
United Arab Emirates	Yr Emiradau Arabaidd Unedig
United Arab Republic	Y Weriniaeth Arabaidd Unedig
United Kingdom	Y Deyrnas Unedig
United Kingdom	Categori:Y Deyrnas Unedig
United Nations	Y Cenhedloedd Unedig
United Nations	Categori:Y Cenhedloedd Unedig
United Nations Children's Fund	UNICEF
United States	Unol Daleithiau America
United States	Categori:Unol Daleithiau America
United States dollar	Doler yr Unol Daleithiau
Universe	Bydysawd (seryddiaeth)
University	Prifysgol
Upsilon	Upsilon
Uranus	Wranws (planed)
Uranus	Categori:Wranws
Urdu	Wrdw
Uruguay	Uruguay
Uruguay	Categori:Uruguay
Utah	Utah
Utah	Categori:Utah
Uterus	Croth
Utrecht (city)	Utrecht (dinas)
Utrecht (province)	Utrecht (talaith)
Uttar Pradesh	Uttar Pradesh
Uzbekistan	Uzbekistan
Uzbekistan	Categori:Uzbekistan
V	V
Vaduz	Vaduz
Vagina	Gwain
Valencia	Valencia
Valletta	Valletta
Valley	Dyffryn
Vancouver	Vancouver
Vanuatu	Vanuatu
Vanuatu	Categori:Vanuatu
Var (department)	Var
Varna	Varna
Vatican City	Y Fatican
Vegetable	Llysieuyn
Vein	Gwythïen
Veneto	Veneto
Venezuela	Venezuela
Venezuela	Categori:Venezuela
Venice	Fenis
Venus	Gwener (planed)
Venus (mythology)	Gwener (duwies)
Vermont	Vermont
Vermont	Categori:Vermont
Verona	Verona
Vertebral column	Asgwrn cefn
Vertebrate	Fertebrat
Vespasian	Vespasian
Victor Hugo	Victor Hugo
Victoria	Victoria, Seychelles
Victoria	Victoria (British Columbia)
Victoria	Victoria
Victoria (Australia)	Victoria (Awstralia)
Vienna	Wien
Vienne	Vienne
Vientiane	Vientiane
Vietnam	Fiet Nam
Vietnam War	Rhyfel Fiet Nam
Vietnam War	Categori:Rhyfel Fiet Nam
Viking	Y Llychlynwyr
Vincent van Gogh	Vincent van Gogh
Viola	Fiola
Violin	Ffidil
Virgil	Fyrsil
Virginia	Virginia
Virginia	Categori:Virginia
Virginia Woolf	Virginia Woolf
Virus	Feirws
Vishnu	Vishnu
Vistula	Afon Vistula
Vitus Bering	Vitus Bering
Vladimir Lenin	Vladimir Lenin
Vladimir Nabokov	Vladimir Nabokov
Vladimir Putin	Vladimir Putin
Vodka	Fodca
Volcano	Llosgfynydd
Volga River	Afon Volga
Volgograd	Volgograd
Voltaire	Voltaire
Vulcan (mythology)	Fwlcan
Vulgate	Y Fwlgat
W	W
Wales	Cymru
Wales	Categori:Cymru
Walt Disney	Walt Disney
Walter Scott	Walter Scott
Wars of the Roses	Rhyfeloedd y Rhosynnau
Warsaw	Warsaw
Washington	Washington, D.C.
Washington	Washington (talaith)
Washington	Categori:Washington (talaith)
Washington (disambiguation)	Washington
Waste	Sbwriel
Water	Dŵr
Waterfall	Rhaeadr
Wave	Ton
Wednesday	Dydd Mercher
Week	Wythnos
Weimar Republic	Gweriniaeth Weimar
Welding	Asio
West Africa	Gorllewin Affrica
West Bank	Y Lan Orllewinol
West Bengal	Gorllewin Bengal
West Berlin	Gorllewin Berlin
West Germany	Gorllewin yr Almaen
West Sussex	Gorllewin Sussex
West Virginia	Gorllewin Virginia
West Virginia	Categori:Gorllewin Virginia
Western Australia	Gorllewin Awstralia
Western Sahara	Gorllewin Sahara
Whale	Morfil
Wheat	Gwenith
Wheel	Olwyn
Whitehorse	Whitehorse
Wiesbaden	Wiesbaden
William Butler Yeats	William Butler Yeats
William Gladstone	William Ewart Gladstone
William Henry Harrison	William Henry Harrison
William Herschel	William Herschel
William Howard Taft	William Howard Taft
William II	Wiliam II, ymerawdwr yr Almaen
William McKinley	William McKinley
William Shakespeare	William Shakespeare
William Wordsworth	William Wordsworth
Wind power	Egni gwynt
Windhoek	Windhoek
Wine	Gwin
Winnipeg	Winnipeg
Winston Churchill	Winston Churchill
Winter	Gaeaf
Wisconsin	Wisconsin
Wisconsin	Categori:Wisconsin
Wolfgang Amadeus Mozart	Wolfgang Amadeus Mozart
Woodrow Wilson	Woodrow Wilson
Woody Allen	Woody Allen
Worcestershire	Swydd Gaerwrangon
World Trade Center	Canolfan Masnach y Byd
World War I	Y Rhyfel Byd Cyntaf
World War II	Yr Ail Ryfel Byd
World War II	Categori:Yr Ail Ryfel Byd
World Wide Web	Gwe fyd-eang
World Wide Web	Categori:Y We Fyd-Eang
Worm	Llyngyren
Wyoming	Wyoming
Wyoming	Categori:Wyoming
X	X
Xenon	Senon
Xi	Xi
Y	Y
Yangtze River	Afon Yangtze
Yasser Arafat	Yasser Arafat
Year	Blwyddyn
Years	Categori:Blynyddoedd
Yellow	Melyn
Yemen	Yemen
Yemen	Categori:Yemen
Yerevan	Yerevan
Yeti	Yeti
Yoghurt	Iogwrt
Yoko Ono	Yoko Ono
Yokohama	Yokohama
York	Efrog
Yttrium	Ytriwm
Yugoslavia	Iwgoslafia
Yugoslavia	Categori:Iwgoslafia
Yukon	Yukon
Yunnan	Yunnan
Yuri Gagarin	Yuri Gagarin
Z	Z
Zachary Taylor	Zachary Taylor
Zambezi	Afon Zambezi
Zambia	Zambia
Zaragoza	Zaragoza
Zeno (emperor)	Zeno (ymerawdwr)
Zeta	Zeta (llythyren)
Zeus	Iau (duw)
Zimbabwe	Zimbabwe
Zimbabwe	Categori:Zimbabwe
Zinc	Sinc
Zionism	Seioniaeth
Zodiac	Sidydd
Zoology	Sŵoleg
Zoology	Categori:Sŵoleg
Zoroaster	Zarathustra
Zoroastrianism	Zoroastriaeth
Zulu	Zulu
